idplant,day,windbearing
1,2012-01-01,292,306,286,307,330,296,306,265,260,295,310,342,290,282,339,344,281,357,347
1,2012-01-02,202,184,198,218,186,201,235,273,256,240,245,251,240,250,213,236,230,200,203
1,2012-01-03,237,210,253,230,208,238,142,210,221,180,150,70,104,105,154,134,231,251,294
1,2012-01-04,228,204,230,180,195,207,207,177,183,191,174,198,201,283,301,314,279,254,230
1,2012-01-05,267,258,285,264,278,306,278,279,260,205,186,197,201,203,206,214,195,202,211
1,2012-01-06,176,270,293,329,333,334,342,6,357,352,6,340,349,344,343,344,347,348,350
1,2012-01-07,338,331,339,345,333,311,349,343,348,349,345,347,347,344,347,341,345,341,334
1,2012-01-08,300,291,298,274,296,269,296,316,320,332,329,310,321,328,340,323,299,300,293
1,2012-01-09,309,301,307,306,301,303,311,306,308,333,326,328,342,14,3,343,338,322,348
1,2012-01-10,333,326,337,301,316,306,303,317,322,328,330,330,330,329,327,331,312,309,310
1,2012-01-11,312,310,306,305,307,310,335,329,342,336,1,6,338,339,339,339,333,308,311
1,2012-01-12,318,310,313,310,299,293,305,323,320,328,339,331,343,357,353,289,267,240,221
1,2012-01-13,212,222,210,207,219,208,234,220,4,300,308,287,16,77,226,258,251,245,270
1,2012-01-14,315,320,7,8,345,345,354,353,343,317,279,278,292,356,18,15,335,344,303
1,2012-01-15,285,291,273,274,288,5,312,339,323,345,8,355,4,18,359,332,320,323,299
1,2012-01-16,302,297,302,281,260,275,269,24,20,18,15,17,11,10,12,2,358,322,314
1,2012-01-17,281,281,280,277,287,298,303,295,320,327,341,345,332,346,358,347,337,317,294
1,2012-01-18,259,274,286,281,297,303,304,304,314,336,345,15,10,4,352,350,309,304,309
1,2012-01-19,290,287,282,280,275,263,267,274,266,235,201,200,161,180,187,187,194,211,213
1,2012-01-20,190,206,184,187,179,196,184,209,218,220,214,216,209,221,187,216,221,238,215
1,2012-01-21,308,304,296,304,319,316,317,318,327,338,352,348,347,349,327,320,260,255,237
1,2012-01-22,195,198,198,200,188,176,190,192,146,215,135,122,139,138,178,171,164,167,176
1,2012-01-23,244,249,238,238,202,230,232,206,196,335,95,86,84,74,159,163,189,234,264
1,2012-01-24,245,248,250,260,284,280,274,299,286,307,312,312,326,344,331,318,297,302,298
1,2012-01-25,302,304,300,340,333,328,316,306,317,323,333,330,327,335,324,325,316,319,326
1,2012-01-26,329,317,325,320,328,326,332,324,325,325,333,325,336,339,346,327,326,318,291
1,2012-01-27,285,269,290,286,298,297,298,287,312,315,325,330,331,335,0,355,353,326,310
1,2012-01-28,261,264,262,256,259,253,257,301,270,270,117,71,65,78,60,301,279,270,268
1,2012-01-29,269,258,260,271,280,298,315,329,335,334,13,4,355,24,28,353,348,334,5
1,2012-01-30,53,52,41,34,12,358,19,17,63,68,71,75,69,49,76,40,337,334,328
1,2012-01-31,309,300,306,296,293,281,297,307,20,340,275,115,115,86,69,109,113,108,130
1,2012-02-01,162,140,137,112,157,144,153,162,172,152,154,174,176,180,186,200,187,196,200
1,2012-02-02,240,212,240,261,238,261,249,283,264,316,285,295,315,340,10,10,354,352,350
1,2012-02-03,40,291,274,240,281,292,286,299,304,314,319,356,323,344,329,342,330,307,296
1,2012-02-04,299,334,306,300,297,289,288,297,300,298,297,292,308,314,327,313,332,344,309
1,2012-02-05,301,305,307,295,299,284,313,325,337,346,342,5,356,342,333,326,336,323,324
1,2012-02-06,324,325,342,344,341,340,341,348,346,343,336,332,334,342,344,345,345,343,324
1,2012-02-07,325,325,326,323,326,325,323,321,319,321,320,306,316,318,316,315,330,317,323
1,2012-02-08,329,337,328,328,336,338,341,6,22,30,41,38,40,26,26,21,355,327,312
1,2012-02-09,297,299,292,294,301,316,304,306,309,314,315,317,334,307,296,283,291,286,280
1,2012-02-10,290,290,287,293,227,258,282,174,120,133,111,120,122,150,159,159,163,177,192
1,2012-02-11,196,209,223,269,214,197,182,203,196,85,113,132,168,246,189,140,206,258,246
1,2012-02-12,273,312,305,295,304,285,291,305,304,320,322,332,334,322,326,306,302,311,310
1,2012-02-13,292,283,286,280,282,290,297,295,304,308,315,333,327,309,331,320,294,277,280
1,2012-02-14,294,284,287,300,300,329,336,337,337,340,337,335,327,326,313,317,308,317,310
1,2012-02-15,295,295,298,292,291,296,284,270,261,284,275,270,254,265,276,270,270,255,263
1,2012-02-16,253,279,278,290,358,300,297,356,306,331,338,334,348,351,343,338,344,345,351
1,2012-02-17,345,342,333,342,341,341,348,346,357,342,350,342,336,325,323,297,252,236,270
1,2012-02-18,286,278,265,282,280,275,301,309,333,313,45,3,8,39,7,128,244,225,230
1,2012-02-19,248,100,213,216,229,221,177,177,190,198,187,144,173,202,201,198,188,199,206
1,2012-02-20,340,225,258,227,177,144,172,186,178,172,175,164,160,153,157,150,112,148,189
1,2012-02-21,224,252,274,312,288,314,152,339,61,28,33,30,55,70,77,85,90,80,58
1,2012-02-22,0,354,355,351,16,24,55,75,80,72,77,69,96,117,88,77,58,342,3
1,2012-02-23,337,301,297,352,348,318,249,334,349,345,344,344,347,340,5,2,355,1,356
1,2012-02-24,296,287,294,301,306,310,324,325,330,332,335,335,338,332,334,320,308,294,298
1,2012-02-25,268,268,271,357,299,320,296,17,17,343,349,25,25,353,70,240,228,240,250
1,2012-02-26,280,230,250,260,240,240,263,342,308,313,342,13,3,333,358,29,40,38,28
1,2012-02-27,5,10,1,0,359,0,5,11,0,4,358,0,4,356,359,358,354,353,3
1,2012-02-28,1,358,357,2,351,355,341,342,352,335,345,350,342,328,330,325,316,306,279
1,2012-02-29,276,288,289,285,296,306,307,308,316,325,328,331,322,334,328,325,324,329,324
1,2012-03-01,320,314,309,321,309,331,330,334,340,340,340,348,345,333,337,328,302,314,297
1,2012-03-02,268,283,283,283,274,295,323,331,329,340,353,3,26,32,17,330,238,211,230
1,2012-03-03,290,246,240,267,245,266,283,10,42,65,51,71,73,11,5,356,283,283,300
1,2012-03-04,262,240,225,230,262,268,305,326,8,349,53,66,78,72,76,186,185,194,236
1,2012-03-05,340,267,309,235,244,259,264,278,316,326,23,33,34,40,54,262,265,258,243
1,2012-03-06,222,190,181,176,177,193,194,188,158,206,171,142,112,154,216,266,302,264,318
1,2012-03-07,276,270,251,280,303,306,314,323,329,349,2,342,345,358,24,9,341,355,325
1,2012-03-08,4,356,2,43,44,46,58,85,85,92,83,84,73,76,101,94,139,129,61
1,2012-03-09,292,289,288,278,294,285,286,336,336,344,5,7,1,349,347,332,38,343,331
1,2012-03-10,341,347,357,359,4,7,17,13,0,359,356,355,345,353,350,349,346,351,351
1,2012-03-11,338,337,337,318,346,348,335,347,337,334,340,339,341,342,336,334,322,317,310
1,2012-03-12,354,346,8,14,15,15,2,8,5,10,23,359,354,356,351,339,346,358,25
1,2012-03-13,31,31,24,25,18,23,25,4,351,1,358,354,353,350,343,340,325,314,314
1,2012-03-14,297,298,310,300,300,317,318,328,325,337,337,346,334,339,339,350,324,317,299
1,2012-03-15,288,292,293,289,285,308,325,345,322,348,346,347,356,349,345,342,328,303,294
1,2012-03-16,285,285,294,285,261,280,270,47,86,86,100,101,111,137,164,174,185,185,194
1,2012-03-17,214,203,202,239,239,172,156,136,126,124,125,126,132,157,163,163,170,170,176
1,2012-03-18,178,184,182,178,186,186,179,166,172,156,165,180,179,174,166,174,185,184,178
1,2012-03-19,168,181,104,154,160,164,172,172,171,163,132,126,117,112,131,122,145,239,201
1,2012-03-20,260,226,219,236,261,293,314,335,348,15,26,16,0,10,17,337,335,307,306
1,2012-03-21,358,323,330,332,317,322,315,340,350,18,28,49,47,19,32,7,312,290,294
1,2012-03-22,300,301,301,335,278,296,345,359,15,54,48,68,74,68,70,163,8,40,235
1,2012-03-23,288,278,290,277,238,248,162,209,130,129,123,148,123,128,144,164,177,242,202
1,2012-03-24,158,260,250,271,264,321,342,343,17,31,33,33,29,338,340,342,335,265,270
1,2012-03-25,244,244,266,258,263,284,328,356,338,22,22,10,8,2,359,10,314,280,258
1,2012-03-26,282,244,292,300,303,316,320,330,355,355,355,349,355,359,344,338,324,324,312
1,2012-03-27,302,305,301,298,294,310,322,338,347,344,338,354,2,348,348,0,336,305,311
1,2012-03-28,298,294,298,310,311,316,318,338,344,351,348,350,347,344,344,329,314,296,266
1,2012-03-29,276,275,280,268,235,304,313,316,336,289,139,98,124,141,141,150,164,186,183
1,2012-03-30,228,263,262,276,270,274,293,308,7,32,37,56,83,121,117,87,56,256,253
1,2012-03-31,240,255,248,231,232,205,182,144,142,134,132,145,132,149,170,176,180,178,184
1,2012-04-01,185,194,177,178,180,193,288,316,335,340,7,27,1,16,10,14,27,25,26
1,2012-04-02,288,279,280,243,259,143,137,124,113,115,119,130,140,137,149,157,164,157,160
1,2012-04-03,156,171,166,144,156,153,165,154,164,166,161,161,167,160,161,152,157,156,160
1,2012-04-04,143,156,157,158,158,162,165,167,166,175,177,179,173,160,162,167,165,162,164
1,2012-04-05,167,161,160,162,162,179,195,188,168,173,175,175,196,201,198,178,172,185,190
1,2012-04-06,300,300,255,246,243,253,286,315,290,1,336,65,91,136,148,146,116,136,146
1,2012-04-07,250,248,246,192,205,170,153,139,192,202,246,188,245,188,213,234,263,246,257
1,2012-04-08,264,262,239,240,263,244,201,206,214,184,150,318,288,26,78,253,246,243,270
1,2012-04-09,330,339,343,338,343,343,331,335,330,334,337,332,324,334,331,339,330,317,301
1,2012-04-10,281,286,279,277,302,307,320,336,347,326,50,66,127,113,130,156,169,165,168
1,2012-04-11,157,173,176,148,198,178,168,175,180,180,170,177,163,165,158,154,171,168,165
1,2012-04-12,246,254,257,270,255,254,269,289,272,188,120,105,126,140,149,136,132,152,133
1,2012-04-13,128,120,128,137,136,137,138,139,162,158,147,152,149,147,137,132,132,132,126
1,2012-04-14,168,150,155,159,177,168,161,160,167,162,142,217,252,280,282,283,278,276,271
1,2012-04-15,236,231,222,219,228,225,219,191,191,188,185,180,185,176,179,197,159,175,175
1,2012-04-16,174,147,173,165,191,189,165,160,162,169,172,161,253,203,199,197,235,250,248
1,2012-04-17,327,332,322,319,307,257,259,256,212,220,198,199,230,256,306,311,310,316,312
1,2012-04-18,301,296,300,294,298,303,300,303,315,309,312,321,324,20,4,296,260,252,247
1,2012-04-19,211,201,210,188,215,188,197,195,196,193,175,199,215,218,208,230,199,186,189
1,2012-04-20,196,199,211,193,197,199,211,229,221,202,223,182,223,216,212,221,197,198,216
1,2012-04-21,268,263,258,242,249,254,257,242,251,253,256,320,306,204,125,266,239,246,234
1,2012-04-22,210,208,199,180,185,191,208,209,205,203,213,200,195,192,174,170,169,173,197
1,2012-04-23,185,201,179,262,162,159,176,176,171,168,168,172,173,180,196,200,194,193,176
1,2012-04-24,179,180,164,158,150,151,160,176,170,170,164,158,161,158,165,163,170,181,170
1,2012-04-25,194,258,262,289,300,295,297,338,345,43,112,80,97,90,136,141,127,124,137
1,2012-04-26,212,195,191,180,165,168,127,137,130,119,112,112,128,137,135,144,159,193,350
1,2012-04-27,299,272,269,288,329,325,327,353,9,11,352,354,338,347,350,358,350,346,339
1,2012-04-28,294,310,299,318,322,350,2,6,16,41,58,75,91,85,146,155,153,236,110
1,2012-04-29,251,243,262,236,237,355,119,120,101,112,110,124,127,140,161,156,173,180,163
1,2012-04-30,290,300,272,250,280,297,321,2,34,54,78,54,73,84,93,154,159,340,249
1,2012-05-01,259,268,268,269,302,302,352,63,72,120,118,129,146,143,145,154,182,196,296
1,2012-05-02,298,298,245,256,332,338,0,359,51,61,44,49,34,13,25,14,347,343,349
1,2012-05-03,291,299,288,295,305,308,334,342,359,28,28,41,30,19,15,200,26,341,298
1,2012-05-04,263,281,276,275,289,328,332,353,53,63,63,97,142,123,131,126,120,129,273
1,2012-05-05,296,246,243,287,274,259,170,159,78,159,156,150,141,146,149,147,234,235,252
1,2012-05-06,332,229,239,269,254,267,291,292,290,339,314,184,206,144,153,143,142,154,149
1,2012-05-07,219,222,223,221,163,110,92,143,79,83,132,135,130,28,292,297,297,301,276
1,2012-05-08,298,282,289,306,331,348,9,25,46,36,40,24,12,3,5,11,2,9,355
1,2012-05-09,286,274,280,283,299,333,342,359,6,14,21,4,14,8,358,358,327,298,257
1,2012-05-10,281,281,292,302,322,348,1,5,359,9,13,18,0,7,0,336,326,296,303
1,2012-05-11,309,312,298,301,316,339,350,9,35,28,40,38,42,37,5,7,356,321,294
1,2012-05-12,287,281,283,276,304,303,325,337,349,15,22,20,358,341,20,359,358,301,266
1,2012-05-13,238,244,273,283,315,340,6,1,88,70,57,21,25,14,4,358,340,329,318
1,2012-05-14,304,310,298,316,311,315,311,308,300,301,298,294,311,304,306,306,305,302,294
1,2012-05-15,296,285,294,288,292,296,302,310,302,307,298,297,309,301,308,317,328,242,232
1,2012-05-16,205,205,190,185,224,222,221,195,169,146,161,177,289,283,279,292,315,331,336
1,2012-05-17,294,294,294,303,311,318,331,331,336,340,334,332,329,326,323,321,320,325,335
1,2012-05-18,301,306,300,312,313,330,335,341,341,350,355,347,3,356,355,0,351,358,290
1,2012-05-19,271,285,272,274,322,337,2,39,23,53,66,57,8,45,51,16,82,204,265
1,2012-05-20,251,257,225,310,166,143,115,124,127,117,132,131,140,153,171,167,161,139,153
1,2012-05-21,129,142,144,150,156,156,176,169,157,143,167,155,149,164,188,172,277,271,273
1,2012-05-22,245,235,232,235,243,252,269,275,279,261,264,241,229,232,204,230,192,184,216
1,2012-05-23,310,247,273,293,292,312,328,6,4,6,17,5,16,29,35,39,30,19,357
1,2012-05-24,313,318,320,323,325,320,315,323,326,336,310,348,340,344,341,330,304,310,311
1,2012-05-25,300,305,301,301,312,317,337,335,345,349,0,358,357,359,15,7,13,356,320
1,2012-05-26,280,281,288,296,313,333,336,340,8,337,332,259,99,82,87,67,352,317,318
1,2012-05-27,280,296,296,308,298,338,339,353,11,358,11,357,11,3,14,0,0,6,342
1,2012-05-28,276,282,284,293,303,324,342,0,42,55,103,74,51,158,184,227,219,237,250
1,2012-05-29,275,279,271,285,304,321,14,333,13,30,68,143,136,144,131,111,115,115,249
1,2012-05-30,280,294,297,320,318,346,342,345,345,357,5,351,3,7,31,28,50,59,207
1,2012-05-31,269,275,274,277,290,346,9,45,75,65,95,106,155,124,130,138,114,123,261
1,2012-06-01,284,274,277,271,253,212,107,122,104,110,142,146,147,150,152,172,158,183,202
1,2012-06-02,228,216,235,246,205,120,139,139,140,141,137,123,133,166,174,173,188,181,179
1,2012-06-03,186,187,189,175,168,150,130,131,122,122,123,132,145,158,176,174,176,184,187
1,2012-06-04,169,176,176,185,194,193,164,129,119,140,146,166,188,189,180,194,181,211,217
1,2012-06-05,260,265,213,237,242,323,304,325,3,18,8,48,41,22,38,24,9,359,282
1,2012-06-06,294,287,264,301,300,328,348,350,6,10,20,40,28,54,51,73,148,164,187
1,2012-06-07,225,267,263,266,41,90,89,115,127,119,129,131,136,141,125,162,177,171,166
1,2012-06-08,209,239,221,215,154,141,138,129,129,132,131,143,147,159,162,164,179,183,199
1,2012-06-09,197,184,174,184,159,151,153,148,124,123,134,145,147,140,145,154,165,185,183
1,2012-06-10,290,240,240,221,213,23,19,334,359,61,67,88,136,131,143,142,155,5,315
1,2012-06-11,255,248,253,278,276,272,269,251,254,262,131,136,148,157,179,189,220,248,231
1,2012-06-12,83,128,145,191,189,168,169,186,147,150,140,150,152,145,164,152,198,181,208
1,2012-06-13,253,259,242,236,255,289,291,295,322,323,21,23,57,49,58,57,41,66,309
1,2012-06-14,285,289,313,318,332,354,351,354,359,3,41,21,23,32,41,36,51,12,336
1,2012-06-15,277,271,294,309,350,343,340,359,10,17,10,3,3,4,7,0,351,346,309
1,2012-06-16,290,297,299,302,330,343,349,6,351,7,17,23,30,19,5,11,340,336,338
1,2012-06-17,301,298,281,297,305,345,350,5,16,13,15,20,12,13,5,353,1,6,0
1,2012-06-18,280,283,277,292,318,320,342,10,9,11,14,12,5,14,2,2,356,335,351
1,2012-06-19,277,289,298,319,323,342,0,15,14,14,8,3,11,6,357,357,356,344,325
1,2012-06-20,277,276,288,302,320,335,344,12,10,14,29,15,19,15,13,3,357,3,1
1,2012-06-21,245,254,229,232,265,190,101,107,116,100,139,138,131,145,140,151,169,206,271
1,2012-06-22,268,279,282,311,315,332,337,331,341,356,2,347,3,1,358,359,348,337,336
1,2012-06-23,284,290,292,292,311,316,336,16,10,354,16,14,18,15,15,17,7,356,339
1,2012-06-24,284,277,283,322,320,339,355,0,0,358,13,21,21,9,22,29,6,345,320
1,2012-06-25,263,268,270,296,299,328,344,79,68,106,142,106,151,140,141,140,152,161,178
1,2012-06-26,263,260,283,316,324,332,349,1,7,30,40,39,35,22,22,14,3,344,329
1,2012-06-27,315,308,316,325,334,345,358,352,354,357,340,355,359,2,349,348,350,340,313
1,2012-06-28,263,256,268,288,341,347,3,5,1,14,28,11,19,20,30,34,68,86,167
1,2012-06-29,232,257,237,247,269,73,78,89,81,80,68,77,63,78,68,47,180,196,162
1,2012-06-30,237,252,243,249,305,2,16,3,48,37,56,48,61,49,48,43,337,153,232
1,2012-07-01,243,243,243,257,319,348,34,64,60,70,61,87,41,75,50,58,150,168,142
1,2012-07-02,304,259,245,243,36,100,111,111,125,124,137,127,140,148,154,181,199,177,185
1,2012-07-03,226,312,215,214,189,182,183,142,146,142,150,146,154,145,177,170,175,174,189
1,2012-07-04,269,251,254,288,343,35,80,135,123,133,134,128,138,146,146,161,169,166,164
1,2012-07-05,198,206,141,162,160,109,138,115,127,123,124,138,141,159,168,167,158,155,155
1,2012-07-06,148,144,141,170,177,166,123,99,126,126,128,127,135,138,145,155,178,154,162
1,2012-07-07,256,235,248,284,310,328,343,351,19,1,7,22,23,16,17,19,357,12,325
1,2012-07-08,280,303,281,291,312,314,356,291,10,21,24,30,20,45,36,46,52,169,211
1,2012-07-09,264,291,266,261,302,338,334,1,35,60,79,77,68,153,157,135,169,170,160
1,2012-07-10,230,266,272,298,320,328,339,349,24,17,33,59,26,49,52,69,61,27,268
1,2012-07-11,254,251,250,244,267,356,334,85,156,186,154,131,146,158,153,150,112,269,271
1,2012-07-12,286,258,277,294,300,321,309,347,193,157,281,290,331,6,16,312,321,322,309
1,2012-07-13,266,271,262,301,288,315,12,66,52,325,143,253,142,183,123,137,285,282,251
1,2012-07-14,268,264,273,257,272,134,52,80,77,128,137,126,119,150,143,162,166,158,190
1,2012-07-15,202,213,227,208,183,169,163,129,132,124,134,140,146,154,150,138,213,328,280
1,2012-07-16,279,290,284,290,301,314,321,329,343,351,3,3,349,356,344,342,340,344,334
1,2012-07-17,309,314,313,332,331,334,338,356,349,343,349,347,347,343,338,337,350,340,340
1,2012-07-18,305,315,314,324,334,343,345,358,10,351,349,0,349,351,349,356,351,345,340
1,2012-07-19,322,327,325,304,324,339,345,6,17,31,37,55,64,74,69,66,147,164,189
1,2012-07-20,219,250,246,238,223,200,60,86,96,86,125,130,135,139,149,153,162,163,205
1,2012-07-21,258,235,244,201,194,199,154,126,119,125,137,138,125,132,123,154,158,163,133
1,2012-07-22,293,307,307,305,311,306,319,329,328,350,357,11,19,19,17,8,4,332,331
1,2012-07-23,316,323,303,306,312,285,300,323,339,305,355,336,336,341,339,348,4,345,2
1,2012-07-24,344,326,337,93,91,57,41,39,47,48,44,42,57,66,256,330,303,280,316
1,2012-07-25,256,268,256,300,310,333,182,99,4,49,73,58,94,74,81,56,61,58,251
1,2012-07-26,312,276,227,302,313,326,339,333,355,357,355,357,0,347,334,347,334,325,295
1,2012-07-27,299,305,305,298,309,312,322,330,340,342,340,338,338,335,337,333,336,329,324
1,2012-07-28,302,310,310,318,325,321,328,347,344,358,4,352,2,357,350,357,288,296,237
1,2012-07-29,236,248,229,261,228,220,171,132,131,123,138,143,155,156,156,139,219,262,263
1,2012-07-30,289,300,305,314,320,326,337,339,356,353,343,23,9,3,4,348,346,318,301
1,2012-07-31,299,298,302,314,319,320,331,338,347,7,4,16,11,8,359,353,352,0,338
1,2012-08-01,323,310,312,307,315,335,339,353,12,12,3,355,7,2,348,347,358,356,339
1,2012-08-02,268,278,274,263,291,328,343,352,26,32,49,50,39,30,7,18,46,268,194
1,2012-08-03,119,130,134,136,148,137,126,139,196,240,290,222,251,332,72,107,87,106,88
1,2012-08-04,243,297,251,245,237,65,67,66,118,124,127,136,140,136,141,144,150,151,179
1,2012-08-05,231,210,219,225,209,158,120,129,132,130,132,143,176,153,162,167,169,175,177
1,2012-08-06,225,247,247,234,238,10,78,105,105,131,129,131,147,130,130,148,185,179,243
1,2012-08-07,318,339,247,286,304,331,357,351,9,5,8,25,27,14,7,5,358,282,301
1,2012-08-08,307,298,323,315,296,312,318,322,330,345,345,21,18,358,1,5,358,344,338
1,2012-08-09,304,308,289,296,310,330,338,334,343,334,340,343,352,358,350,346,342,330,324
1,2012-08-10,303,305,309,301,301,311,318,333,342,357,351,354,352,359,345,343,352,342,338
1,2012-08-11,302,301,298,296,311,331,326,8,357,353,8,7,8,0,357,355,358,349,335
1,2012-08-12,284,285,294,302,315,324,340,341,351,347,356,5,6,2,9,17,9,19,307
1,2012-08-13,244,248,270,233,41,115,169,186,189,99,84,104,134,139,142,148,147,144,145
1,2012-08-14,150,190,179,213,198,103,61,68,98,108,64,108,83,89,70,81,123,141,99
1,2012-08-15,277,257,251,259,321,207,75,98,123,144,124,110,136,124,145,159,172,165,208
1,2012-08-16,258,259,274,320,332,320,340,41,57,80,85,105,94,119,155,127,103,66,222
1,2012-08-17,254,304,313,331,340,352,341,357,353,3,351,0,357,355,348,344,347,352,340
1,2012-08-18,309,307,310,315,323,335,350,4,12,16,32,34,17,15,22,344,329,345,325
1,2012-08-19,299,298,308,294,307,319,327,7,5,5,37,50,52,48,39,39,25,26,347
1,2012-08-20,284,277,287,285,301,332,2,4,41,33,21,26,19,23,34,30,319,279,266
1,2012-08-21,258,270,244,238,274,327,354,11,34,54,35,65,74,53,56,44,21,220,238
1,2012-08-22,255,241,250,238,257,315,346,75,87,76,79,113,121,148,155,156,163,163,209
1,2012-08-23,261,257,243,247,255,118,79,95,121,128,151,140,139,147,143,142,182,184,204
1,2012-08-24,239,230,237,238,248,181,131,127,137,142,133,132,127,133,162,175,173,176,186
1,2012-08-25,252,258,270,243,245,276,295,344,132,111,103,67,149,130,158,160,158,178,256
1,2012-08-26,263,249,246,264,266,267,304,113,133,168,146,156,146,154,138,348,341,5,357
1,2012-08-27,258,310,313,314,322,327,333,337,332,334,332,333,331,334,334,334,336,330,330
1,2012-08-28,306,310,313,307,313,336,351,3,6,2,9,14,10,9,5,4,355,322,302
1,2012-08-29,280,280,312,298,294,358,344,354,351,22,53,22,45,8,27,14,343,322,262
1,2012-08-30,258,254,255,263,313,352,350,358,6,7,26,35,38,39,42,52,223,207,228
1,2012-08-31,243,238,230,238,206,177,167,130,138,129,136,155,161,159,167,169,174,181,176
1,2012-09-01,150,223,227,237,257,248,216,138,123,142,122,130,182,189,221,284,298,336,267
1,2012-09-02,230,260,285,305,332,357,18,81,101,116,110,121,115,121,135,144,151,156,154
1,2012-09-03,152,140,153,150,140,145,161,164,176,169,169,157,182,148,156,163,153,207,194
1,2012-09-04,285,281,269,275,305,102,155,133,147,136,126,136,140,172,167,157,200,193,257
1,2012-09-05,230,271,275,252,268,321,340,353,89,140,178,134,88,86,228,198,207,180,237
1,2012-09-06,263,243,251,263,279,269,284,277,296,357,315,20,353,336,319,319,329,312,326
1,2012-09-07,302,306,309,309,314,320,325,351,347,352,349,347,357,351,347,345,341,322,312
1,2012-09-08,310,311,315,304,295,308,317,343,343,334,6,356,357,5,4,5,352,288,283
1,2012-09-09,285,294,285,283,309,319,329,345,3,11,21,29,21,18,3,16,346,264,259
1,2012-09-10,261,250,251,256,277,305,8,39,60,44,91,93,101,121,140,156,143,179,172
1,2012-09-11,274,261,255,243,266,337,350,17,50,20,347,39,60,97,85,81,202,265,261
1,2012-09-12,244,229,231,242,250,265,301,112,151,151,143,142,147,149,156,160,161,198,201
1,2012-09-13,174,169,175,167,182,170,174,167,165,174,179,195,218,205,250,232,214,208,194
1,2012-09-14,168,174,117,181,188,199,184,189,184,170,169,181,172,184,184,176,181,168,174
1,2012-09-15,236,203,190,260,259,300,329,343,59,39,38,52,48,40,29,21,359,349,342
1,2012-09-16,305,311,307,298,310,308,323,335,340,337,342,357,344,351,343,353,348,290,315
1,2012-09-17,284,278,286,277,289,299,312,326,343,7,10,13,19,31,32,24,9,315,296
1,2012-09-18,269,268,280,240,274,270,319,349,5,337,45,60,61,49,73,94,104,150,187
1,2012-09-19,270,226,233,211,209,186,185,130,125,124,124,127,130,140,141,149,153,179,184
1,2012-09-20,247,241,243,279,290,307,312,319,331,339,333,338,329,333,335,337,332,326,326
1,2012-09-21,296,304,303,297,305,311,318,330,322,332,340,358,350,14,2,5,6,0,307
1,2012-09-22,241,238,236,238,238,202,175,108,143,131,129,133,149,143,148,157,163,167,175
1,2012-09-23,236,224,233,237,285,170,162,116,130,140,137,140,140,142,165,161,163,163,149
1,2012-09-24,183,186,204,187,179,186,179,172,134,132,132,148,148,145,166,175,172,168,181
1,2012-09-25,300,268,291,292,289,262,268,298,293,214,208,199,204,182,210,234,244,266,254
1,2012-09-26,239,185,219,214,195,207,192,203,204,202,188,151,135,141,150,149,132,159,157
1,2012-09-27,172,168,167,184,189,70,165,150,185,139,139,135,140,144,164,185,195,193,207
1,2012-09-28,230,196,235,274,305,132,246,166,216,134,142,139,134,148,147,169,173,240,260
1,2012-09-29,253,213,201,183,264,184,145,148,144,158,163,160,163,155,170,173,165,160,150
1,2012-09-30,183,171,188,181,216,223,43,20,5,359,23,35,32,9,48,57,90,156,120
1,2012-10-01,179,158,180,182,197,184,143,178,171,149,132,128,128,146,132,152,154,140,144
1,2012-10-02,254,302,286,293,307,252,216,302,42,23,11,46,9,57,55,24,9,310,289
1,2012-10-03,259,267,256,277,309,310,300,336,353,16,21,66,69,46,61,64,57,308,278
1,2012-10-04,278,282,274,274,285,302,301,344,354,42,55,76,77,41,103,260,11,275,272
1,2012-10-05,265,261,265,283,290,306,319,346,343,0,7,20,50,24,42,358,337,293,242
1,2012-10-06,256,270,287,301,279,308,335,350,19,96,44,100,90,59,104,139,169,214,233
1,2012-10-07,237,238,273,273,210,306,286,156,69,111,138,130,150,168,133,159,359,337,302
1,2012-10-08,328,323,314,306,319,328,353,1,6,21,9,48,8,0,11,357,354,298,336
1,2012-10-09,272,282,274,241,245,247,162,147,122,97,137,117,128,148,136,344,108,128,3
1,2012-10-10,297,308,306,286,321,317,319,353,56,106,61,92,87,79,98,98,109,21,180
1,2012-10-11,250,260,287,247,269,308,38,40,64,90,59,91,99,125,105,136,157,150,145
1,2012-10-12,193,182,224,229,212,216,241,196,200,178,174,232,162,202,169,179,212,219,226
1,2012-10-13,266,295,271,264,315,267,273,155,95,112,137,125,67,191,163,153,193,241,227
1,2012-10-14,224,231,237,248,264,284,335,341,16,85,110,94,113,91,134,141,165,201,155
1,2012-10-15,200,202,221,213,185,192,187,175,180,193,182,182,174,165,163,162,169,179,156
1,2012-10-16,180,192,227,245,222,229,229,231,269,266,252,257,270,259,254,248,259,258,250
1,2012-10-17,254,212,264,295,274,294,312,324,14,57,64,79,89,57,124,110,268,247,250
1,2012-10-18,244,245,242,242,253,274,286,84,74,71,56,201,110,58,44,151,350,265,243
1,2012-10-19,296,284,277,275,323,302,329,1,350,1,23,34,47,24,353,287,325,305,286
1,2012-10-20,277,314,273,277,312,299,301,330,334,348,354,6,9,1,8,4,330,280,262
1,2012-10-21,272,315,277,275,302,310,320,336,337,4,356,21,22,17,18,335,313,295,266
1,2012-10-22,241,274,272,269,285,277,325,1,35,25,10,22,43,18,339,317,2,295,315
1,2012-10-23,267,314,300,286,308,298,313,347,335,2,357,4,36,18,5,2,323,267,268
1,2012-10-24,270,325,283,263,279,297,308,357,6,14,36,41,58,49,93,272,239,251,265
1,2012-10-25,247,262,258,251,251,249,293,275,85,96,123,97,97,145,133,160,203,248,258
1,2012-10-26,288,232,290,221,227,247,231,150,171,118,143,119,171,190,170,179,161,163,178
1,2012-10-27,184,177,223,223,205,222,195,191,223,189,189,182,173,170,180,190,188,226,212
1,2012-10-28,217,184,204,217,199,214,201,207,217,231,212,236,244,223,249,290,282,284,286
1,2012-10-29,279,202,245,249,227,244,235,220,244,245,234,240,247,259,280,273,270,286,291
1,2012-10-30,285,292,292,279,284,283,296,293,297,297,344,11,63,23,135,123,123,102,109
1,2012-10-31,122,138,91,85,109,128,127,129,132,145,143,154,162,165,144,137,137,132,126
1,2012-11-01,175,184,184,201,189,205,189,207,224,230,234,246,235,257,252,245,224,224,224
1,2012-11-02,194,200,169,184,205,246,226,209,222,233,169,268,132,202,142,278,280,270,260
1,2012-11-03,279,302,275,258,245,242,231,200,231,196,144,128,141,156,185,181,180,214,213
1,2012-11-04,241,263,224,242,202,226,223,185,194,187,178,176,168,167,175,180,177,186,157
1,2012-11-05,173,174,182,189,176,187,178,176,204,197,198,216,212,192,204,192,208,223,235
1,2012-11-06,245,278,262,267,266,248,262,261,271,289,285,300,334,276,231,240,256,249,251
1,2012-11-07,257,262,251,258,301,299,290,309,300,304,323,326,325,322,309,307,314,307,303
1,2012-11-08,300,306,294,296,307,290,305,325,328,343,342,10,359,348,348,347,279,230,250
1,2012-11-09,245,246,237,241,250,248,275,318,323,335,332,356,354,350,357,311,258,246,241
1,2012-11-10,236,234,236,241,232,232,271,172,150,145,136,117,144,165,173,143,168,151,149
1,2012-11-11,155,160,171,176,166,176,165,162,163,159,159,154,150,151,144,141,151,137,135
1,2012-11-12,147,151,144,149,164,175,183,161,130,136,137,112,110,164,162,159,175,71,26
1,2012-11-13,328,340,315,310,298,294,330,334,6,359,4,14,358,352,338,345,348,320,302
1,2012-11-14,303,315,314,310,308,317,319,345,349,353,356,29,13,358,0,343,338,337,1
1,2012-11-15,321,316,290,275,310,322,311,315,347,6,1,339,48,47,51,47,33,350,330
1,2012-11-16,295,316,296,295,335,352,341,346,327,311,327,303,315,327,323,326,317,321,310
1,2012-11-17,297,326,292,292,324,312,285,343,303,98,44,344,33,25,357,297,313,87,81
1,2012-11-18,352,114,116,136,130,110,106,132,110,110,131,129,140,122,104,88,124,118,116
1,2012-11-19,145,149,153,166,149,130,124,82,119,127,124,104,99,98,106,78,69,80,79
1,2012-11-20,70,75,80,275,121,101,98,117,125,96,92,96,84,75,117,106,98,123,120
1,2012-11-21,282,263,266,269,248,273,291,248,32,348,348,321,18,3,309,327,326,304,286
1,2012-11-22,262,278,283,295,275,290,311,350,0,351,354,5,356,347,293,291,328,315,261
1,2012-11-23,245,263,238,258,240,223,233,205,262,247,213,352,36,16,35,246,298,286,280
1,2012-11-24,284,308,289,293,305,276,286,314,314,326,354,332,357,12,8,357,280,278,259
1,2012-11-25,241,251,255,252,254,247,232,226,277,88,96,96,91,125,170,205,196,267,228
1,2012-11-26,276,277,282,281,238,235,252,204,261,119,143,100,113,158,177,186,193,240,237
1,2012-11-27,225,200,223,73,202,228,231,186,192,181,158,180,162,170,162,194,176,201,216
1,2012-11-28,204,171,180,170,174,161,155,150,140,146,161,168,164,166,175,173,174,185,209
1,2012-11-29,210,201,227,225,216,233,205,202,211,206,206,204,201,180,206,188,189,199,188
1,2012-11-30,197,187,205,215,196,211,208,200,217,196,199,224,224,212,233,275,211,194,211
1,2012-12-01,210,191,238,254,222,248,210,200,164,191,186,79,142,173,179,178,201,219,239
1,2012-12-02,228,208,225,265,262,276,258,240,223,241,211,232,217,202,241,220,229,238,246
1,2012-12-03,216,237,232,228,231,274,281,295,298,311,318,326,306,317,306,317,322,309,325
1,2012-12-04,229,263,310,252,239,243,236,210,184,156,175,190,186,177,183,181,182,207,232
1,2012-12-05,254,232,280,286,258,288,288,290,302,298,315,308,311,319,306,247,251,251,260
1,2012-12-06,286,273,290,295,288,278,286,297,317,315,304,312,295,315,284,303,301,295,285
1,2012-12-07,289,291,297,287,301,284,293,289,306,298,290,292,252,195,154,161,165,200,211
1,2012-12-08,184,174,189,195,184,194,214,207,236,227,272,272,285,298,299,292,298,293,301
1,2012-12-09,299,296,334,330,315,327,338,337,331,4,334,337,321,325,338,334,333,332,329
1,2012-12-10,297,303,296,274,277,264,268,270,274,282,288,223,224,196,196,176,179,203,196
1,2012-12-11,250,269,271,274,277,274,266,281,285,300,302,298,300,300,287,282,288,288,294
1,2012-12-12,295,292,295,303,290,282,282,321,335,325,353,350,349,345,319,310,322,237,252
1,2012-12-13,250,251,256,269,245,246,243,239,217,207,203,189,204,184,187,173,183,191,184
1,2012-12-14,194,192,175,131,162,177,182,168,178,179,170,192,187,172,163,177,183,220,213
1,2012-12-15,217,187,206,201,185,199,201,180,203,210,184,202,194,177,192,207,185,199,200
1,2012-12-16,230,195,230,262,195,231,228,197,248,264,221,248,231,185,198,244,217,249,259
1,2012-12-17,250,247,299,245,284,297,271,288,232,266,178,87,100,155,88,173,190,184,246
1,2012-12-18,284,295,288,286,290,292,301,298,296,297,304,306,305,303,310,305,306,301,298
1,2012-12-19,300,311,324,323,328,321,332,333,337,335,327,327,331,331,347,349,343,315,310
1,2012-12-20,319,320,320,317,321,319,319,328,330,336,330,341,344,343,335,302,302,298,301
1,2012-12-21,250,270,256,250,232,253,314,49,209,42,175,156,118,111,60,74,89,60,7
1,2012-12-22,301,324,316,349,352,1,334,320,353,345,351,355,357,348,352,337,330,316,313
1,2012-12-23,296,299,297,293,281,260,277,301,280,358,356,20,359,14,347,224,260,229,245
1,2012-12-24,226,217,204,204,233,235,254,287,293,320,57,75,108,164,241,211,190,151,166
1,2012-12-25,207,187,192,187,173,198,142,160,177,171,166,170,180,167,172,164,167,177,178
1,2012-12-26,190,171,201,198,169,192,198,181,181,186,181,199,194,173,173,163,194,211,220
1,2012-12-27,237,280,263,266,297,278,272,292,303,320,302,335,97,205,163,161,176,210,199
1,2012-12-28,204,237,215,209,189,248,326,244,335,319,337,326,312,304,302,327,338,346,343
1,2012-12-29,8,358,8,10,346,357,4,351,359,359,358,357,329,347,356,356,336,321,310
1,2012-12-30,328,322,320,314,320,304,302,328,339,344,350,0,342,337,328,317,330,284,286
1,2012-12-31,272,269,267,250,234,241,296,240,229,245,211,64,115,171,271,204,204,250,230
2,2012-01-01,308,310,339,332,348,299,268,261,306,342,343,357,290,306,287,281,296,282,292
2,2012-01-02,230,230,230,210,190,184,190,210,199,192,230,240,207,220,230,260,220,203,210
2,2012-01-03,179,200,200,200,180,70,120,222,162,100,277,210,140,167,190,200,190,195,180
2,2012-01-04,281,339,205,182,179,190,200,188,184,184,200,182,217,216,288,190,200,270,230
2,2012-01-05,240,201,210,275,313,198,208,183,192,275,201,203,283,187,260,190,285,240,256
2,2012-01-06,167,6,358,354,355,354,354,287,344,349,347,348,329,357,337,3,337,347,306
2,2012-01-07,346,352,344,345,343,352,340,314,350,333,340,347,348,353,354,349,349,353,353
2,2012-01-08,300,296,298,337,295,338,310,323,330,325,304,320,306,268,321,270,293,305,326
2,2012-01-09,310,307,353,330,337,359,330,343,336,10,350,20,307,310,310,305,311,306,310
2,2012-01-10,340,322,307,330,330,313,310,316,313,316,320,330,330,330,330,330,306,333,343
2,2012-01-11,313,339,351,342,314,320,310,342,339,339,342,312,350,313,346,346,333,313,320
2,2012-01-12,313,344,0,254,220,210,327,335,262,1,333,350,320,330,326,320,307,318,306
2,2012-01-13,194,193,203,285,251,359,37,254,260,252,248,190,304,356,297,200,193,189,192
2,2012-01-14,280,20,327,346,270,5,9,333,333,350,343,354,22,337,305,290,341,295,359
2,2012-01-15,300,29,19,331,320,345,325,302,317,10,343,350,7,2,356,288,270,270,300
2,2012-01-16,305,17,16,16,329,230,12,331,10,3,262,20,262,40,33,19,252,304,310
2,2012-01-17,295,339,344,300,290,307,277,322,327,269,349,333,4,279,342,336,299,324,280
2,2012-01-18,305,12,290,280,283,250,311,312,353,340,17,316,310,306,300,318,351,350,2
2,2012-01-19,284,214,290,281,280,275,267,266,261,213,274,226,187,192,190,186,199,167,214
2,2012-01-20,180,179,186,184,182,178,189,196,205,216,223,209,230,216,217,203,218,240,201
2,2012-01-21,250,254,350,348,304,310,303,326,311,340,334,353,319,327,349,324,327,312,220
2,2012-01-22,181,173,187,178,187,191,151,144,153,131,186,190,192,190,167,176,144,220,178
2,2012-01-23,180,177,69,56,180,186,29,204,21,16,210,160,168,187,216,240,210,210,210
2,2012-01-24,230,315,300,315,304,340,353,300,341,314,313,289,280,288,270,305,230,230,220
2,2012-01-25,309,327,317,319,323,332,326,329,318,337,335,330,327,306,300,332,349,338,310
2,2012-01-26,339,331,331,348,331,297,324,328,337,338,328,338,328,328,324,333,329,330,323
2,2012-01-27,286,331,251,308,300,339,267,0,303,349,350,330,300,336,302,320,290,316,296
2,2012-01-28,240,58,60,70,329,240,260,258,340,340,115,69,230,253,340,240,240,240,240
2,2012-01-29,260,346,13,16,30,330,341,349,3,309,354,337,339,346,351,240,280,240,250
2,2012-01-30,40,9,14,75,333,77,329,46,80,341,88,120,82,53,18,36,30,357,37
2,2012-01-31,300,260,97,131,295,133,125,145,139,320,114,20,131,340,249,290,314,290,310
2,2012-02-01,148,159,140,190,140,175,193,179,180,182,196,159,140,185,142,173,150,160,143
2,2012-02-02,279,291,9,350,353,353,2,228,306,285,313,313,215,199,256,220,244,244,223
2,2012-02-03,276,357,329,359,300,347,311,30,277,350,294,340,307,322,210,287,230,40,320
2,2012-02-04,358,298,3,296,299,296,338,290,311,308,316,318,335,304,297,285,308,313,282
2,2012-02-05,333,333,334,340,333,341,346,325,357,355,349,6,280,313,320,314,305,308,294
2,2012-02-06,350,322,327,350,336,338,340,340,339,327,346,323,345,336,345,340,350,332,331
2,2012-02-07,313,313,328,312,315,320,313,312,306,312,312,316,313,317,312,313,313,312,313
2,2012-02-08,340,41,40,22,337,323,51,22,44,44,58,40,49,339,342,330,325,340,322
2,2012-02-09,291,306,320,277,317,286,339,319,291,299,280,320,302,320,312,308,298,292,298
2,2012-02-10,156,120,172,184,156,130,161,113,148,120,123,220,290,147,290,220,290,200,290
2,2012-02-11,191,158,177,183,142,224,188,230,145,169,221,185,138,160,126,180,195,250,216
2,2012-02-12,330,312,305,305,293,290,327,333,298,317,300,280,316,300,300,278,282,240,270
2,2012-02-13,295,300,347,304,321,312,327,288,295,295,290,295,290,284,280,329,280,303,333
2,2012-02-14,312,308,332,295,285,340,314,346,288,340,340,344,340,319,308,321,340,313,330
2,2012-02-15,295,268,264,270,269,295,268,250,275,269,295,261,286,249,290,286,260,290,290
2,2012-02-16,355,276,276,289,250,316,3,334,340,274,344,348,354,354,0,346,339,300,309
2,2012-02-17,220,240,352,337,325,352,359,346,349,354,345,341,342,341,328,337,345,295,257
2,2012-02-18,317,316,69,34,302,50,14,16,284,276,279,118,259,220,207,272,217,282,342
2,2012-02-19,220,170,148,194,192,191,187,189,177,183,213,172,191,173,181,180,184,100,230
2,2012-02-20,160,161,177,174,157,175,150,165,150,160,153,180,210,173,190,165,173,150,160
2,2012-02-21,282,336,30,103,109,109,30,57,350,76,90,77,12,14,0,169,312,207,260
2,2012-02-22,71,278,302,341,79,107,47,98,71,75,354,80,2,90,20,82,329,341,325
2,2012-02-23,341,339,303,299,0,300,345,355,340,354,4,1,337,339,339,309,329,240,300
2,2012-02-24,310,340,344,336,343,325,299,310,293,326,327,334,340,306,299,296,298,290,340
2,2012-02-25,250,358,226,31,240,30,70,17,70,15,30,357,249,15,320,290,258,258,250
2,2012-02-26,346,27,264,40,40,30,340,310,0,313,10,344,15,240,280,230,240,250,260
2,2012-02-27,358,2,350,352,355,354,355,356,5,0,7,7,11,1,4,4,12,9,5
2,2012-02-28,3,337,311,349,330,348,330,343,3,353,336,7,339,349,355,327,300,7,285
2,2012-02-29,310,330,330,326,320,310,330,334,295,292,310,324,300,330,336,276,340,288,327
2,2012-03-01,293,320,337,334,340,339,340,316,340,348,347,316,337,350,330,321,295,323,316
2,2012-03-02,10,19,260,271,290,301,285,4,335,342,330,17,356,349,285,344,240,220,230
2,2012-03-03,1,300,230,352,276,323,281,28,159,40,50,340,42,32,31,220,257,210,250
2,2012-03-04,20,192,224,170,219,34,208,47,54,57,53,340,200,17,352,200,0,230,220
2,2012-03-05,275,43,73,280,260,240,210,324,30,336,30,216,220,264,240,224,291,286,39
2,2012-03-06,147,252,129,329,193,326,180,260,190,174,186,188,154,193,186,184,177,170,207
2,2012-03-07,347,349,15,15,349,357,319,270,220,313,280,321,270,34,13,19,340,333,4
2,2012-03-08,27,144,90,73,59,87,10,100,51,68,5,51,88,55,10,100,97,70,0
2,2012-03-09,295,358,5,3,359,359,357,343,346,353,290,52,270,1,285,7,285,283,272
2,2012-03-10,3,354,354,350,0,356,348,17,358,3,357,9,12,23,348,9,354,7,357
2,2012-03-11,327,334,354,341,349,340,340,341,350,345,346,324,345,344,341,340,337,314,320
2,2012-03-12,13,19,353,13,3,359,12,18,350,19,5,19,12,29,0,359,353,350,8
2,2012-03-13,330,2,28,354,359,27,2,6,353,28,316,23,29,354,35,29,343,316,344
2,2012-03-14,333,300,323,303,320,340,313,343,325,340,334,299,299,300,325,329,349,348,350
2,2012-03-15,352,3,337,353,313,291,301,295,333,293,298,353,296,353,290,353,317,320,351
2,2012-03-16,126,90,80,80,270,270,259,71,293,293,58,259,47,259,184,182,170,156,198
2,2012-03-17,151,155,149,157,160,163,201,206,131,169,136,163,131,138,132,177,179,170,185
2,2012-03-18,184,183,179,190,195,189,180,185,170,169,160,178,172,181,188,180,176,185,186
2,2012-03-19,218,188,186,170,251,178,160,182,166,176,176,132,163,141,167,155,119,151,116
2,2012-03-20,240,10,290,250,210,217,205,0,10,350,310,0,3,0,9,329,343,320,306
2,2012-03-21,31,35,337,327,0,329,14,327,341,5,321,357,350,16,289,303,22,333,9
2,2012-03-22,23,305,15,305,319,6,352,300,256,30,30,40,49,50,51,59,240,220,0
2,2012-03-23,136,140,198,130,230,210,270,300,270,270,130,157,128,163,136,131,177,190,350
2,2012-03-24,230,240,140,240,257,10,260,3,330,0,0,20,263,21,17,335,343,335,340
2,2012-03-25,240,240,330,20,300,260,253,246,10,359,350,5,4,14,8,4,277,330,240
2,2012-03-26,344,3,357,305,295,219,284,327,351,320,305,350,340,356,356,317,339,330,327
2,2012-03-27,344,305,301,348,305,310,339,295,329,314,357,335,341,0,20,350,350,317,305
2,2012-03-28,340,324,300,320,316,300,312,302,346,347,348,356,354,350,310,327,350,293,254
2,2012-03-29,260,282,275,275,320,101,210,340,324,0,324,136,192,99,58,191,133,170,160
2,2012-03-30,271,259,260,200,80,302,293,271,267,18,120,10,352,116,8,101,43,241,204
2,2012-03-31,175,155,215,223,205,230,240,177,135,169,180,147,154,131,140,178,186,193,187
2,2012-04-01,2,186,180,174,337,180,170,326,180,301,275,10,31,14,35,10,18,12,36
2,2012-04-02,115,112,127,276,144,289,128,277,230,220,148,136,119,139,128,157,163,157,167
2,2012-04-03,160,146,170,179,161,169,168,155,169,159,174,172,170,168,175,168,162,165,164
2,2012-04-04,163,162,148,165,170,171,171,165,172,169,181,172,180,178,173,175,166,163,170
2,2012-04-05,190,183,184,190,170,213,186,168,164,168,166,172,209,192,190,197,177,180,180
2,2012-04-06,110,47,230,110,250,323,220,220,333,286,291,303,127,166,63,160,139,135,137
2,2012-04-07,200,193,230,150,230,230,159,181,160,196,248,260,240,210,205,196,260,240,266
2,2012-04-08,245,256,231,256,230,252,212,272,196,292,228,141,210,260,61,15,251,280,241
2,2012-04-09,349,341,349,345,334,305,334,334,348,337,338,327,322,334,334,336,337,339,332
2,2012-04-10,160,285,151,323,278,310,280,306,279,330,105,340,344,63,31,79,32,163,172
2,2012-04-11,163,148,174,175,160,169,179,173,189,171,174,182,178,158,165,165,158,171,167
2,2012-04-12,130,108,124,239,245,272,283,256,252,290,252,268,250,130,136,151,141,144,152
2,2012-04-13,141,138,140,137,127,139,133,162,152,139,152,159,154,151,135,135,141,135,130
2,2012-04-14,174,154,159,157,172,163,122,159,150,166,154,282,283,258,45,276,282,278,285
2,2012-04-15,172,238,181,224,164,198,234,216,221,222,224,187,184,192,199,184,180,182,183
2,2012-04-16,203,190,155,155,162,143,161,274,168,186,157,162,168,169,197,198,232,250,252
2,2012-04-17,314,309,264,258,212,307,205,262,248,194,218,198,318,325,327,316,331,327,310
2,2012-04-18,305,300,303,304,306,304,302,297,312,10,316,20,313,327,324,252,263,310,253
2,2012-04-19,202,187,193,186,196,183,210,196,208,197,171,199,203,214,214,177,230,179,210
2,2012-04-20,211,194,186,183,183,230,199,238,196,216,196,176,187,222,207,213,219,207,210
2,2012-04-21,267,100,256,243,264,238,251,258,234,243,258,305,279,314,288,246,267,254,238
2,2012-04-22,198,190,209,187,200,170,194,229,181,178,211,200,211,207,191,174,179,163,168
2,2012-04-23,175,185,178,194,190,184,220,176,178,171,195,172,190,173,185,174,169,184,189
2,2012-04-24,167,164,159,170,179,175,179,181,166,162,173,169,176,162,164,162,172,176,183
2,2012-04-25,289,259,185,291,153,12,278,349,288,347,299,74,126,60,321,124,66,145,126
2,2012-04-26,187,193,195,143,138,175,161,180,122,133,136,150,134,112,127,112,190,154,190
2,2012-04-27,350,340,343,260,260,307,340,356,340,350,349,1,4,359,350,342,355,343,349
2,2012-04-28,26,303,331,11,307,319,8,329,6,353,55,141,31,142,79,136,69,230,230
2,2012-04-29,79,98,118,218,80,190,220,210,249,116,107,90,98,90,155,120,147,171,210
2,2012-04-30,230,240,300,290,310,50,280,30,340,20,10,63,240,51,44,80,70,80,80
2,2012-05-01,260,240,260,169,52,20,260,330,320,107,142,115,50,138,117,135,133,330,190
2,2012-05-02,351,348,0,10,20,10,346,230,290,210,290,10,26,10,350,35,33,25,39
2,2012-05-03,298,20,307,310,20,301,293,6,315,355,344,21,330,30,25,14,13,13,260
2,2012-05-04,20,10,276,348,255,320,275,295,273,34,125,107,38,136,75,147,120,119,250
2,2012-05-05,270,290,220,220,297,204,190,265,209,194,209,5,154,151,145,253,135,239,201
2,2012-05-06,260,230,220,329,165,300,294,256,287,260,209,153,325,336,146,223,148,138,158
2,2012-05-07,341,205,6,130,150,205,201,203,68,352,146,116,101,303,135,142,341,10,282
2,2012-05-08,15,295,290,322,359,30,342,317,23,0,30,14,4,353,10,20,4,13,27
2,2012-05-09,2,10,7,0,284,1,273,291,354,285,346,304,0,4,7,17,239,294,321
2,2012-05-10,3,330,311,260,298,278,3,357,7,18,357,14,9,349,359,4,330,320,305
2,2012-05-11,306,299,314,314,325,293,21,27,350,17,356,36,309,30,33,355,30,3,6
2,2012-05-12,323,356,290,355,339,290,315,290,318,280,0,0,1,345,341,17,358,14,283
2,2012-05-13,18,285,270,220,220,26,16,355,324,36,26,51,60,5,10,316,355,328,340
2,2012-05-14,298,303,306,324,300,298,314,310,315,320,320,293,309,307,314,310,305,296,305
2,2012-05-15,305,301,300,295,285,290,295,306,301,315,313,313,294,298,354,321,313,253,240
2,2012-05-16,181,226,223,217,178,176,194,193,157,148,150,290,344,276,212,338,290,321,295
2,2012-05-17,325,294,294,320,338,295,337,306,322,315,340,322,350,340,325,337,329,333,334
2,2012-05-18,354,320,320,306,306,310,342,4,338,338,347,342,359,0,0,358,354,292,10
2,2012-05-19,5,39,43,291,265,345,30,280,264,2,355,20,4,210,49,28,16,31,260
2,2012-05-20,128,200,124,200,151,186,155,186,119,174,131,155,136,142,132,150,172,168,170
2,2012-05-21,155,162,160,154,150,135,178,160,167,173,150,163,202,170,156,274,191,258,277
2,2012-05-22,205,237,247,236,180,283,234,279,246,274,252,247,196,273,264,230,232,200,236
2,2012-05-23,236,170,23,322,291,290,270,355,20,355,323,16,355,3,4,20,28,22,1
2,2012-05-24,339,348,324,323,320,320,344,329,328,337,315,326,322,347,317,310,346,318,334
2,2012-05-25,346,305,337,310,303,337,306,320,317,3,7,352,14,8,356,354,310,347,9
2,2012-05-26,348,344,321,317,300,278,292,284,88,281,352,327,333,2,88,90,351,325,324
2,2012-05-27,296,286,270,303,335,355,316,2,345,355,344,6,11,354,6,2,357,1,3
2,2012-05-28,275,282,226,342,324,284,303,293,55,184,41,359,159,101,50,71,237,218,250
2,2012-05-29,116,116,114,136,147,139,285,271,280,275,14,147,321,303,65,332,25,12,247
2,2012-05-30,356,280,320,345,299,295,344,318,341,346,350,47,4,27,3,30,7,208,58
2,2012-05-31,46,7,269,346,291,276,278,274,76,127,157,64,105,94,117,141,134,123,261
2,2012-06-01,271,277,273,285,215,143,254,110,110,106,127,152,198,149,148,179,154,159,172
2,2012-06-02,235,216,227,188,142,141,246,123,206,139,172,144,143,174,125,166,136,178,180
2,2012-06-03,175,158,168,175,185,188,187,134,147,132,151,134,125,125,125,173,175,186,183
2,2012-06-04,148,176,169,192,141,184,176,121,191,134,164,187,209,166,180,186,191,179,216
2,2012-06-05,7,17,2,322,266,300,260,315,212,240,236,36,20,40,47,359,8,21,283
2,2012-06-06,301,301,265,288,294,348,40,327,18,350,8,4,43,51,26,185,70,165,150
2,2012-06-07,264,267,224,266,171,129,117,31,88,90,133,177,131,121,163,138,126,144,165
2,2012-06-08,178,163,209,162,143,155,239,214,222,131,159,132,141,149,134,145,133,182,198
2,2012-06-09,146,176,185,197,152,136,160,184,127,155,129,151,142,182,148,183,147,164,154
2,2012-06-10,59,354,242,335,243,290,21,220,28,214,66,143,145,88,134,138,315,5,155
2,2012-06-11,272,275,277,256,252,249,251,149,269,138,253,146,258,185,177,158,217,231,247
2,2012-06-12,169,167,188,191,149,132,90,205,152,151,184,153,178,151,142,195,146,153,164
2,2012-06-13,39,258,55,287,253,285,241,254,235,314,57,317,292,47,21,56,21,66,308
2,2012-06-14,23,318,313,290,286,351,21,354,331,39,355,2,0,39,31,337,36,13,49
2,2012-06-15,2,9,16,277,310,9,295,272,358,351,340,343,352,0,2,8,4,310,346
2,2012-06-16,349,291,343,330,299,303,300,351,18,6,30,6,23,17,342,11,5,337,340
2,2012-06-17,308,299,282,300,303,345,14,13,350,16,5,12,1,11,19,6,5,2,354
2,2012-06-18,352,336,281,279,356,9,285,342,293,320,318,11,1,10,9,2,11,14,4
2,2012-06-19,279,5,324,322,299,292,15,11,0,343,13,2,8,13,357,357,356,325,346
2,2012-06-20,14,27,277,278,320,13,303,289,335,9,12,344,18,3,14,358,3,12,2
2,2012-06-21,108,254,103,245,229,191,266,234,101,142,119,142,147,132,141,204,170,153,269
2,2012-06-22,337,331,314,311,281,278,268,346,330,2,355,341,359,1,3,337,359,338,349
2,2012-06-23,291,340,284,357,9,293,293,311,16,335,318,7,13,15,353,17,17,14,14
2,2012-06-24,21,340,285,320,277,324,284,0,9,0,355,21,357,21,12,6,28,346,321
2,2012-06-25,153,144,141,108,64,105,142,142,152,271,264,269,327,299,296,342,178,161,77
2,2012-06-26,27,22,6,37,21,34,37,344,3,15,330,1,349,332,325,284,317,260,264
2,2012-06-27,345,325,317,334,308,316,355,358,339,352,357,354,349,1,358,314,348,340,350
2,2012-06-28,257,168,264,288,268,358,341,4,2,346,10,66,25,13,31,18,84,26,19
2,2012-06-29,232,70,64,257,270,247,237,79,89,77,75,77,58,74,65,180,44,195,163
2,2012-06-30,56,244,237,253,1,54,305,250,34,16,45,46,1,232,46,155,45,340,41
2,2012-07-01,58,244,65,244,244,32,258,347,319,58,68,54,84,46,73,37,147,168,153
2,2012-07-02,129,113,113,103,37,243,304,246,259,142,129,139,126,180,155,150,198,183,176
2,2012-07-03,214,312,226,188,189,212,183,145,148,145,182,156,174,149,152,174,146,169,177
2,2012-07-04,269,251,161,81,33,254,345,288,136,148,127,140,148,137,140,131,166,169,164
2,2012-07-05,159,168,162,143,145,205,197,144,139,116,162,126,117,125,129,167,155,155,158
2,2012-07-06,149,169,128,141,143,130,177,104,130,167,128,132,137,177,155,146,139,162,155
2,2012-07-07,343,257,328,310,236,350,285,250,16,19,359,23,21,5,357,17,17,12,326
2,2012-07-08,290,280,304,282,24,314,312,355,20,10,279,43,210,19,29,34,168,51,45
2,2012-07-09,300,262,269,290,264,169,2,334,337,138,78,59,34,74,159,155,66,160,169
2,2012-07-10,50,320,48,231,298,273,268,348,24,339,328,25,55,32,17,68,60,271,28
2,2012-07-11,253,158,255,269,200,245,250,357,165,87,333,265,148,133,158,115,152,155,271
2,2012-07-12,172,203,341,260,287,306,280,321,300,295,20,280,7,331,292,323,323,310,308
2,2012-07-13,289,303,264,273,268,258,10,316,64,156,302,47,123,190,146,137,252,282,284
2,2012-07-14,273,265,269,78,257,158,272,81,51,152,127,166,140,134,120,164,145,152,189
2,2012-07-15,325,201,140,169,201,150,212,185,207,226,135,155,131,164,127,146,143,137,280
2,2012-07-16,3,284,290,279,314,3,300,290,321,351,343,329,333,349,356,344,344,340,342
2,2012-07-17,342,349,356,313,314,309,331,337,334,331,349,346,336,338,343,347,339,340,349
2,2012-07-18,342,334,305,325,315,316,357,345,348,9,0,348,351,356,349,350,350,340,344
2,2012-07-19,324,304,325,326,322,189,17,339,30,6,344,165,61,53,35,71,148,63,65
2,2012-07-20,163,61,219,251,246,200,221,239,150,84,97,87,154,127,140,137,133,164,204
2,2012-07-21,127,199,245,235,258,139,156,199,192,128,139,127,122,124,133,154,130,163,158
2,2012-07-22,16,19,19,10,357,349,294,328,306,307,308,312,329,319,307,5,8,331,332
2,2012-07-23,316,300,325,285,312,307,304,340,341,324,304,336,336,356,4,348,339,345,2
2,2012-07-24,91,343,93,329,346,55,40,43,46,44,39,325,74,62,43,250,282,304,332
2,2012-07-25,253,256,57,257,60,270,101,300,178,338,312,55,71,49,2,57,80,73,93
2,2012-07-26,346,303,311,314,228,277,359,332,339,325,353,356,354,355,334,347,334,297,325
2,2012-07-27,338,305,340,300,342,309,298,305,312,339,330,322,338,335,329,335,332,337,325
2,2012-07-28,347,328,302,310,311,321,325,319,351,344,357,4,356,1,350,299,291,357,241
2,2012-07-29,135,172,219,227,262,230,249,237,145,141,126,134,158,157,158,141,263,251,210
2,2012-07-30,303,301,291,356,305,315,319,320,339,338,326,346,23,343,353,9,349,4,3
2,2012-07-31,0,300,298,320,319,314,303,8,347,338,331,6,11,16,4,352,352,0,339
2,2012-08-01,2,7,354,313,310,323,2,335,315,308,338,12,11,353,356,348,340,358,347
2,2012-08-02,24,351,275,279,268,265,343,327,290,16,31,49,49,7,28,37,193,337,43
2,2012-08-03,108,70,331,240,251,222,288,85,106,137,132,121,87,140,150,138,130,194,141
2,2012-08-04,251,297,244,238,179,247,127,64,123,67,67,151,143,138,129,138,151,145,142
2,2012-08-05,225,219,209,230,123,158,207,167,162,132,135,131,134,154,174,144,169,175,177
2,2012-08-06,133,234,150,247,247,224,133,77,11,239,104,131,133,106,133,150,240,179,185
2,2012-08-07,5,321,9,289,251,343,305,350,356,332,24,8,358,27,5,8,14,301,284
2,2012-08-08,329,321,318,313,307,300,296,315,324,357,344,18,21,343,358,6,1,346,340
2,2012-08-09,297,291,310,305,341,310,330,338,335,343,333,325,357,351,342,349,330,342,346
2,2012-08-10,305,303,352,309,302,333,319,312,302,343,350,357,342,353,345,358,352,342,337
2,2012-08-11,358,354,357,311,359,302,297,298,301,7,7,326,331,357,7,6,352,334,349
2,2012-08-12,285,284,356,346,316,302,294,325,351,340,339,20,4,5,1,10,17,9,313
2,2012-08-13,189,187,168,245,249,269,112,40,234,84,83,143,139,136,103,144,147,148,145
2,2012-08-14,196,213,178,189,146,62,104,109,67,62,109,99,70,89,84,81,98,143,125
2,2012-08-15,259,252,257,278,166,99,321,126,77,201,172,110,129,148,139,161,147,125,207
2,2012-08-16,129,320,157,259,260,331,319,275,120,57,40,341,81,92,106,86,106,66,223
2,2012-08-17,0,314,255,303,351,352,340,333,341,2,353,357,355,357,340,348,352,347,344
2,2012-08-18,21,15,34,31,16,12,16,4,311,308,310,316,350,335,324,344,324,345,329
2,2012-08-19,320,295,299,308,308,299,6,328,50,5,48,34,5,38,37,46,25,349,26
2,2012-08-20,286,278,288,284,267,301,332,31,40,3,2,287,17,23,21,22,323,30,33
2,2012-08-21,220,16,273,43,260,355,244,329,274,239,53,53,33,11,30,50,70,61,239
2,2012-08-22,250,121,239,242,256,111,348,317,258,73,75,74,87,149,156,157,207,163,163
2,2012-08-23,154,262,131,124,248,243,258,256,96,80,128,143,142,183,142,145,150,203,183
2,2012-08-24,135,181,240,231,249,239,238,135,129,141,145,129,134,136,173,174,162,174,184
2,2012-08-25,292,275,246,243,271,257,252,108,114,150,279,256,130,152,78,159,177,158,160
2,2012-08-26,5,264,120,250,247,341,265,298,265,266,347,149,188,140,157,141,155,148,0
2,2012-08-27,334,259,323,314,313,310,331,336,332,327,331,332,332,334,334,333,336,329,329
2,2012-08-28,10,14,9,310,307,1,313,308,313,337,5,2,351,356,8,324,4,5,304
2,2012-08-29,352,343,281,283,315,358,295,300,26,348,20,51,6,43,18,322,345,13,263
2,2012-08-30,353,313,264,256,255,259,350,357,32,21,6,5,40,37,35,51,226,205,223
2,2012-08-31,239,244,175,237,180,229,140,206,133,168,176,173,155,138,131,161,169,167,159
2,2012-09-01,227,223,153,245,257,239,219,187,126,138,214,143,178,132,124,285,300,336,268
2,2012-09-02,117,289,123,261,230,111,358,335,309,18,118,107,84,123,137,154,157,152,145
2,2012-09-03,176,163,153,140,152,150,161,145,140,169,169,162,157,156,148,180,191,204,154
2,2012-09-04,136,156,99,308,288,275,269,281,142,148,137,129,137,157,167,171,197,259,191
2,2012-09-05,276,272,235,146,237,253,268,321,105,350,340,183,86,138,191,85,205,198,233
2,2012-09-06,263,320,246,251,281,265,278,265,321,348,290,271,305,336,353,20,328,312,325
2,2012-09-07,344,346,351,310,356,310,306,302,346,326,320,314,350,348,352,346,312,323,341
2,2012-09-08,311,333,343,305,315,311,295,344,318,308,352,5,356,356,5,4,5,285,290
2,2012-09-09,344,329,320,286,295,310,284,286,0,9,17,19,28,19,348,16,2,264,259
2,2012-09-10,257,252,251,262,305,278,90,9,42,61,39,172,121,101,94,142,179,145,158
2,2012-09-11,257,263,275,202,351,244,15,339,268,82,344,18,49,36,83,97,58,264,261
2,2012-09-12,157,251,151,245,242,231,230,149,113,303,266,161,144,145,155,161,161,200,197
2,2012-09-13,177,168,173,174,180,166,173,170,164,167,174,218,193,206,205,211,227,241,189
2,2012-09-14,171,169,170,180,184,188,183,165,172,115,198,185,179,184,184,167,181,176,173
2,2012-09-15,262,261,179,187,236,326,300,51,341,37,37,58,28,39,47,21,341,348,359
2,2012-09-16,307,306,312,290,299,310,339,335,323,308,347,356,342,337,344,353,343,351,316
2,2012-09-17,9,23,285,31,300,278,289,277,287,30,342,326,313,7,19,12,9,318,297
2,2012-09-18,268,60,270,280,45,270,275,241,321,330,0,346,186,59,47,71,150,104,93
2,2012-09-19,128,130,134,234,227,270,212,185,184,210,126,129,151,142,142,131,183,177,153
2,2012-09-20,307,289,248,279,244,242,329,312,319,330,338,332,339,336,334,332,333,325,325
2,2012-09-21,311,305,298,303,304,296,332,322,314,331,318,1,349,357,340,14,6,5,1
2,2012-09-22,165,176,242,239,237,203,239,239,149,134,146,112,158,131,144,151,135,168,175
2,2012-09-23,141,237,233,225,237,142,163,169,286,118,139,142,133,165,143,161,151,164,163
2,2012-09-24,150,134,134,182,136,187,202,185,178,172,178,184,174,150,171,166,147,180,168
2,2012-09-25,267,261,292,267,288,292,291,179,297,286,214,200,197,205,242,232,207,267,255
2,2012-09-26,195,213,217,181,236,205,190,195,198,202,202,157,142,137,156,150,159,133,151
2,2012-09-27,203,171,190,166,193,168,152,183,166,71,188,183,142,143,184,136,161,145,142
2,2012-09-28,195,228,291,274,235,151,135,163,250,136,214,143,145,136,150,169,166,260,240
2,2012-09-29,160,211,163,250,158,261,180,198,181,147,152,147,163,155,160,166,173,169,151
2,2012-09-30,22,45,184,172,187,223,214,180,358,3,46,23,6,33,34,162,89,55,120
2,2012-10-01,143,183,196,179,178,158,180,130,180,134,151,172,134,147,130,152,144,141,154
2,2012-10-02,302,248,290,44,310,286,293,311,297,214,252,12,46,9,23,8,23,54,63
2,2012-10-03,61,259,268,310,310,277,257,45,350,337,300,15,70,67,19,64,57,311,288
2,2012-10-04,104,40,78,275,77,282,278,55,302,286,274,301,42,354,343,274,278,11,260
2,2012-10-05,343,346,266,261,265,283,318,305,290,358,359,5,20,42,23,50,242,294,338
2,2012-10-06,334,308,279,256,301,287,270,350,19,92,102,42,97,140,105,56,163,234,215
2,2012-10-07,273,238,237,210,302,273,111,306,72,159,286,337,152,131,140,169,358,159,134
2,2012-10-08,323,327,357,328,313,352,319,306,11,21,6,1,8,0,7,48,354,299,336
2,2012-10-09,149,241,129,275,283,273,118,161,247,246,148,139,98,122,135,347,4,121,110
2,2012-10-10,107,297,57,286,306,309,323,353,319,317,93,56,107,87,98,97,79,180,11
2,2012-10-11,126,99,92,90,58,64,39,39,307,251,258,270,248,287,157,136,104,150,145
2,2012-10-12,181,229,192,224,216,210,174,241,178,199,196,227,201,161,232,170,219,209,179
2,2012-10-13,296,266,192,271,264,155,273,266,316,153,139,113,95,126,163,191,63,228,241
2,2012-10-14,141,133,86,263,224,249,237,232,114,340,335,284,16,95,112,86,165,156,202
2,2012-10-15,200,181,201,192,184,213,221,191,180,175,186,179,181,173,164,169,161,163,155
2,2012-10-16,266,229,228,180,192,227,228,221,244,263,248,253,259,270,257,258,260,247,250
2,2012-10-17,275,295,265,212,254,80,293,312,322,63,59,14,125,55,90,110,251,247,275
2,2012-10-18,254,243,243,246,245,75,82,266,286,274,353,201,54,71,111,153,43,56,246
2,2012-10-19,287,303,296,352,286,327,276,278,24,350,2,328,1,48,35,22,327,306,288
2,2012-10-20,6,274,278,317,353,299,314,278,301,348,333,331,1,8,263,8,282,331,5
2,2012-10-21,356,4,337,337,278,319,273,276,320,310,304,18,21,337,16,22,270,297,313
2,2012-10-22,277,286,242,270,273,281,43,324,1,35,22,10,25,318,339,18,3,316,296
2,2012-10-23,286,300,316,268,269,309,299,1,335,347,313,269,35,3,356,18,324,2,5
2,2012-10-24,267,253,240,326,275,271,307,283,297,282,264,96,14,5,358,36,47,57,41
2,2012-10-25,249,251,259,262,97,97,295,253,252,277,126,96,85,148,134,160,260,249,204
2,2012-10-26,145,287,119,171,222,290,230,226,152,230,247,120,171,160,179,169,190,177,162
2,2012-10-27,195,223,184,177,203,224,224,223,190,170,189,172,181,189,187,190,180,226,213
2,2012-10-28,214,199,218,204,182,217,211,200,231,216,207,286,222,244,236,249,283,281,289
2,2012-10-29,279,286,220,270,201,245,249,235,244,227,273,234,245,243,239,280,258,247,291
2,2012-10-30,18,285,284,278,292,293,63,292,296,283,297,10,341,296,135,122,122,108,101
2,2012-10-31,165,162,154,137,142,120,145,108,84,88,127,132,129,127,132,137,137,144,125
2,2012-11-01,206,189,175,184,184,206,189,201,252,224,229,233,258,235,246,224,224,245,225
2,2012-11-02,247,204,183,167,198,195,226,208,265,170,232,221,142,209,134,278,261,270,280
2,2012-11-03,293,279,213,258,213,275,230,245,197,231,242,179,129,147,194,143,180,185,157
2,2012-11-04,241,174,201,263,227,242,224,167,193,184,223,187,167,175,177,179,176,185,156
2,2012-11-05,212,181,215,174,173,197,186,176,189,177,197,204,176,192,204,234,222,207,192
2,2012-11-06,271,261,263,278,246,266,263,249,265,283,288,240,298,231,276,321,251,249,256
2,2012-11-07,322,300,304,310,291,298,299,258,259,251,263,325,326,307,310,323,315,303,307
2,2012-11-08,294,306,300,309,296,343,290,328,326,305,230,359,11,342,250,348,281,348,348
2,2012-11-09,246,314,247,238,275,249,251,242,357,334,323,316,332,351,354,357,246,258,242
2,2012-11-10,173,166,144,241,236,234,236,117,272,232,232,175,139,143,150,149,143,152,169
2,2012-11-11,158,155,162,175,171,160,166,162,164,176,151,158,153,150,140,143,151,135,137
2,2012-11-12,161,181,175,147,151,163,149,144,131,137,164,110,113,139,172,158,161,83,29
2,2012-11-13,310,316,342,328,3,302,295,331,359,5,334,303,352,358,14,338,321,347,345
2,2012-11-14,311,315,316,303,345,319,338,317,309,343,356,353,349,30,359,357,13,336,359
2,2012-11-15,51,311,322,274,46,290,317,48,315,311,322,349,340,0,8,47,34,331,353
2,2012-11-16,329,317,295,312,335,295,296,351,327,347,340,316,303,322,329,317,327,324,310
2,2012-11-17,98,302,345,286,297,329,292,312,325,292,25,44,356,33,344,87,313,297,81
2,2012-11-18,129,135,115,113,353,129,108,106,132,132,110,110,103,122,139,88,115,117,124
2,2012-11-19,153,150,145,80,165,149,119,78,124,130,69,104,124,127,99,77,105,98,78
2,2012-11-20,120,124,96,106,69,117,101,75,121,274,80,72,125,117,98,96,84,97,92
2,2012-11-21,266,263,282,321,347,275,249,270,291,347,31,247,287,18,4,308,304,327,327
2,2012-11-22,350,359,350,284,279,263,296,311,291,277,355,4,292,294,348,356,262,316,330
2,2012-11-23,223,240,247,259,238,265,206,234,36,262,351,210,247,246,35,15,301,281,287
2,2012-11-24,307,293,289,310,284,260,326,276,314,314,286,280,356,333,353,12,283,357,8
2,2012-11-25,194,232,241,252,256,248,255,253,170,88,276,224,206,98,126,92,97,268,228
2,2012-11-26,113,281,282,277,275,102,252,236,239,203,148,119,261,159,177,185,238,241,193
2,2012-11-27,162,180,157,226,180,191,72,224,199,201,185,230,229,176,193,161,170,217,200
2,2012-11-28,155,160,204,169,174,169,179,166,150,139,146,164,167,161,174,173,174,185,208
2,2012-11-29,216,226,227,200,210,234,205,206,206,210,201,188,179,201,204,207,199,189,188
2,2012-11-30,211,197,193,205,211,186,199,214,207,210,195,274,198,196,217,224,233,212,224
2,2012-12-01,172,255,211,222,238,191,142,199,210,249,163,80,186,191,177,177,199,239,219
2,2012-12-02,232,205,209,229,240,261,264,225,276,222,240,258,217,201,238,229,219,240,246
2,2012-12-03,294,280,216,236,232,274,228,228,312,297,307,317,318,306,325,309,321,317,325
2,2012-12-04,174,156,208,237,244,240,183,252,310,263,232,189,182,177,186,180,232,207,182
2,2012-12-05,261,230,255,286,280,302,257,290,288,288,251,309,316,297,252,311,249,306,320
2,2012-12-06,284,286,272,278,288,295,289,316,316,297,286,315,296,312,304,302,303,295,285
2,2012-12-07,198,251,292,297,292,289,290,284,301,287,293,298,305,289,200,154,211,165,160
2,2012-12-08,236,207,189,173,183,195,214,194,184,292,228,273,272,299,297,285,301,293,298
2,2012-12-09,338,326,315,299,329,332,297,336,331,321,336,334,3,333,337,325,332,328,331
2,2012-12-10,296,303,298,283,196,274,278,264,274,270,269,203,224,222,287,194,179,175,195
2,2012-12-11,270,269,249,265,273,282,278,273,287,300,284,281,302,300,300,298,288,288,294
2,2012-12-12,346,303,349,295,292,294,350,282,283,291,321,354,325,335,321,312,253,238,322
2,2012-12-13,208,250,219,268,257,251,246,241,244,247,188,202,182,203,173,187,184,183,190
2,2012-12-14,178,169,180,176,194,192,162,132,175,186,178,171,191,169,182,177,163,220,213
2,2012-12-15,201,206,185,217,183,184,199,201,211,203,179,200,176,194,201,192,198,184,206
2,2012-12-16,194,231,217,231,261,196,229,232,194,244,218,264,247,248,198,184,231,259,250
2,2012-12-17,183,189,172,88,157,284,250,246,299,248,100,293,272,296,233,87,182,266,246
2,2012-12-18,296,304,284,297,291,285,288,291,296,298,301,301,306,305,303,306,305,310,298
2,2012-12-19,336,333,332,300,310,324,321,328,322,335,326,347,330,330,327,315,342,349,311
2,2012-12-20,322,317,320,320,319,341,319,319,328,330,336,330,336,343,343,302,302,298,303
2,2012-12-21,251,257,271,251,60,211,229,50,314,253,90,153,173,43,117,73,60,112,9
2,2012-12-22,337,0,352,303,325,350,348,316,347,352,321,333,346,357,355,351,330,316,314
2,2012-12-23,19,298,297,300,355,261,283,294,277,358,280,303,245,359,13,348,229,262,224
2,2012-12-24,73,320,293,287,204,218,227,55,204,254,236,234,212,241,164,109,168,151,189
2,2012-12-25,196,173,208,188,192,187,180,141,160,176,170,166,172,164,172,167,166,178,177
2,2012-12-26,197,201,170,189,220,168,191,186,181,180,197,211,193,198,180,172,192,164,173
2,2012-12-27,209,176,283,160,237,272,264,279,299,266,163,319,302,293,300,206,99,332,198
2,2012-12-28,214,312,209,239,204,326,324,247,189,239,338,319,335,305,302,326,343,345,337
2,2012-12-29,357,7,359,359,9,8,357,345,351,4,356,357,329,336,356,356,348,311,323
2,2012-12-30,302,304,329,322,321,315,321,339,329,337,344,343,0,350,332,318,328,285,287
2,2012-12-31,231,296,240,242,234,251,268,269,272,210,246,173,115,63,274,230,250,204,205
3,2012-01-01,342,310,306,307,328,346,357,344,282,340,281,259,295,294,264,286,290,305,291
3,2012-01-02,214,199,239,184,236,250,203,230,204,201,216,186,234,200,244,273,251,240,255
3,2012-01-03,149,294,180,220,211,251,70,104,104,230,135,155,208,143,237,229,211,235,252
3,2012-01-04,313,301,230,229,209,283,180,196,208,183,177,201,191,199,175,253,279,204,227
3,2012-01-05,205,212,203,306,260,280,278,198,186,202,215,196,207,205,278,257,266,283,263
3,2012-01-06,330,349,6,292,352,177,357,268,343,348,350,341,335,344,334,343,344,6,350
3,2012-01-07,347,341,334,342,346,345,340,333,338,331,311,345,349,343,349,349,346,347,348
3,2012-01-08,333,320,298,328,291,300,321,310,329,323,340,299,293,299,315,274,296,296,268
3,2012-01-09,334,306,326,308,307,302,309,3,306,301,303,14,343,329,339,344,349,323,311
3,2012-01-10,330,330,328,322,330,329,317,327,334,331,301,338,302,327,306,317,312,308,309
3,2012-01-11,336,343,340,339,339,7,337,1,330,306,311,309,334,308,339,310,312,307,305
3,2012-01-12,329,320,287,323,305,353,358,340,344,332,265,239,220,299,292,317,309,313,309
3,2012-01-13,309,302,4,221,77,16,289,270,225,251,244,257,235,208,211,220,222,213,208
3,2012-01-14,316,359,292,345,303,9,9,320,346,354,354,279,318,345,278,335,18,15,344
3,2012-01-15,322,337,312,8,334,345,359,354,18,4,324,321,299,292,285,274,7,273,288
3,2012-01-16,359,13,3,10,12,18,21,16,18,268,274,25,322,314,259,279,302,297,303
3,2012-01-17,347,333,320,346,341,327,358,347,317,294,338,303,279,277,281,280,287,298,294
3,2012-01-18,304,315,309,304,336,304,14,308,345,350,10,352,3,303,297,259,286,281,274
3,2012-01-19,274,201,234,266,214,267,160,200,195,180,188,211,187,280,275,262,287,282,290
3,2012-01-20,215,219,222,184,222,216,210,216,238,188,221,217,197,185,188,207,190,179,211
3,2012-01-21,319,318,296,304,308,327,327,338,303,348,346,348,352,260,318,315,236,255,316
3,2012-01-22,165,138,145,134,120,217,178,137,171,196,177,193,168,190,190,200,199,199,177
3,2012-01-23,159,337,196,79,87,87,93,190,206,162,235,263,234,243,248,238,238,230,203
3,2012-01-24,286,248,245,249,312,274,313,309,299,344,331,327,318,298,302,297,280,283,259
3,2012-01-25,318,306,334,324,330,325,335,326,328,327,316,319,317,304,302,330,334,341,300
3,2012-01-26,346,339,336,325,333,326,325,328,333,324,319,326,290,327,328,320,330,325,318
3,2012-01-27,354,0,325,336,331,330,353,325,268,284,309,298,315,312,297,298,286,290,287
3,2012-01-28,65,70,115,270,270,301,277,296,256,60,77,267,270,260,252,261,259,263,256
3,2012-01-29,12,260,334,335,347,258,24,269,3,355,28,353,271,280,3,329,333,315,298
3,2012-01-30,76,64,72,69,70,78,17,50,19,53,41,336,41,52,333,327,12,34,358
3,2012-01-31,88,116,121,274,340,20,114,110,71,307,132,109,297,300,306,309,281,293,295
3,2012-02-01,172,187,155,153,181,176,174,200,188,200,196,145,162,163,157,111,137,140,153
3,2012-02-02,286,9,318,266,212,341,241,317,297,285,240,351,10,352,349,250,261,261,238
3,2012-02-03,329,341,318,315,304,328,355,343,323,291,299,296,306,40,286,281,241,275,292
3,2012-02-04,326,300,314,308,292,297,297,331,298,297,299,313,343,305,308,331,297,288,289
3,2012-02-05,5,342,345,337,325,342,356,333,323,335,324,325,305,300,313,307,298,294,284
3,2012-02-06,324,343,345,345,343,344,346,342,336,342,333,332,325,324,339,348,342,344,341
3,2012-02-07,321,325,325,318,323,326,326,321,323,325,320,315,305,316,318,315,317,329,323
3,2012-02-08,328,23,7,336,329,341,338,336,327,40,39,42,30,27,27,22,311,326,354
3,2012-02-09,298,292,301,297,293,304,317,316,305,315,314,309,295,307,335,283,279,286,290
3,2012-02-10,226,293,287,290,290,163,177,281,258,158,111,133,120,121,158,150,123,193,178
3,2012-02-11,224,140,198,210,199,189,216,268,248,198,204,184,79,168,126,105,246,257,207
3,2012-02-12,272,322,311,319,304,295,305,285,304,305,291,331,301,333,306,325,321,309,311
3,2012-02-13,319,289,282,330,309,280,286,327,333,283,315,291,297,308,304,295,280,277,294
3,2012-02-14,283,298,294,299,287,336,335,329,337,337,340,337,312,326,327,316,309,317,307
3,2012-02-15,292,298,295,295,255,261,291,269,283,295,270,270,276,285,254,271,276,265,264
3,2012-02-16,351,289,278,346,253,278,357,344,297,299,359,339,338,330,305,334,344,352,348
3,2012-02-17,343,346,342,334,351,342,342,342,349,342,357,346,336,235,325,251,296,323,269
3,2012-02-18,46,264,278,314,334,285,282,280,310,301,274,7,40,10,4,243,133,230,226
3,2012-02-19,100,221,228,248,216,212,142,178,178,188,199,190,202,204,173,199,207,199,189
3,2012-02-20,176,179,225,186,174,256,216,144,340,189,172,147,160,164,175,153,111,150,157
3,2012-02-21,274,80,253,228,338,90,310,154,311,286,86,32,28,59,77,29,69,54,58
3,2012-02-22,351,358,350,96,353,70,55,23,15,75,77,73,81,116,355,88,339,59,78
3,2012-02-23,355,248,3,316,348,6,340,348,351,333,344,346,344,344,356,1,300,337,296
3,2012-02-24,324,287,310,295,305,301,294,338,326,330,335,335,332,334,332,319,297,293,308
3,2012-02-25,320,270,268,299,358,267,349,296,344,17,19,250,354,27,26,70,240,228,240
3,2012-02-26,240,240,260,280,250,263,230,13,344,343,315,310,358,333,3,31,28,38,42
3,2012-02-27,6,11,0,0,0,1,11,5,356,4,0,0,358,4,359,358,3,354,354
3,2012-02-28,357,343,359,1,350,355,345,351,2,342,335,352,342,316,324,330,328,279,306
3,2012-02-29,308,288,307,276,289,306,296,285,334,316,322,325,332,328,325,328,324,329,323
3,2012-03-01,321,340,309,334,314,330,331,320,309,348,340,340,337,332,345,327,297,313,301
3,2012-03-02,282,283,268,274,341,230,283,295,329,331,323,212,27,5,353,35,238,327,17
3,2012-03-03,290,245,263,5,245,267,239,12,43,12,283,66,72,70,52,355,300,282,282
3,2012-03-04,196,262,230,184,186,225,238,255,268,76,10,73,325,304,349,80,67,54,237
3,2012-03-05,318,267,278,307,340,235,265,258,243,54,328,23,41,34,33,265,263,242,258
3,2012-03-06,181,188,191,196,193,223,178,176,141,169,208,156,221,155,106,266,317,263,300
3,2012-03-07,280,270,250,303,276,343,314,306,322,2,349,329,25,359,346,9,324,357,340
3,2012-03-08,44,2,355,3,59,94,46,45,100,92,85,85,77,83,73,84,59,130,139
3,2012-03-09,288,347,288,291,294,349,278,0,336,286,284,336,6,5,344,331,344,39,331
3,2012-03-10,359,347,0,359,342,357,4,13,17,8,349,356,356,350,353,345,352,346,351
3,2012-03-11,336,348,346,342,317,342,337,339,341,337,334,338,337,347,336,334,309,316,322
3,2012-03-12,16,346,9,14,354,359,3,16,9,24,11,6,352,356,355,339,25,358,347
3,2012-03-13,25,31,31,325,5,25,25,24,19,340,359,1,351,354,343,350,354,314,314
3,2012-03-14,317,300,309,324,298,297,319,350,317,300,340,337,326,328,337,339,334,346,298
3,2012-03-15,347,287,292,348,285,289,293,308,321,346,325,328,347,356,341,345,350,294,303
3,2012-03-16,294,86,86,285,50,284,285,270,280,260,135,111,101,99,174,163,195,186,186
3,2012-03-17,198,239,238,208,200,154,125,173,134,124,123,124,163,157,131,163,177,171,170
3,2012-03-18,166,186,179,178,187,183,185,178,185,172,186,181,166,156,179,174,166,175,178
3,2012-03-19,102,144,182,168,173,118,165,161,153,128,161,170,172,131,110,115,125,203,241
3,2012-03-20,228,261,221,15,293,25,261,237,314,15,349,335,0,306,10,334,337,16,305
3,2012-03-21,48,331,50,329,322,28,19,316,358,321,351,340,315,32,20,310,6,292,289
3,2012-03-22,296,300,276,299,335,300,68,346,359,47,53,15,72,70,75,165,235,40,8
3,2012-03-23,237,290,278,277,287,203,128,248,128,210,164,238,121,147,121,125,177,163,140
3,2012-03-24,343,321,263,271,250,260,156,34,344,34,30,16,340,340,29,270,342,265,334
3,2012-03-25,338,356,326,284,262,257,264,244,244,8,10,22,22,2,257,0,280,314,12
3,2012-03-26,292,350,242,355,355,282,303,300,316,355,330,320,338,344,0,355,324,323,312
3,2012-03-27,323,305,310,302,294,298,301,3,338,347,355,338,344,348,348,0,311,305,336
3,2012-03-28,309,338,318,297,294,316,311,298,348,351,344,344,265,347,350,344,296,314,329
3,2012-03-29,275,279,183,268,274,188,338,235,317,314,303,164,98,138,296,122,149,140,140
3,2012-03-30,227,264,270,120,277,263,83,311,294,275,9,56,36,30,117,87,253,254,56
3,2012-03-31,181,231,177,230,170,248,255,240,147,145,131,182,204,140,144,131,132,185,178
3,2012-04-01,318,194,292,185,177,194,180,178,17,336,2,341,30,8,15,10,26,26,27
3,2012-04-02,279,137,278,143,258,287,243,129,123,117,115,112,148,137,139,156,160,156,164
3,2012-04-03,144,171,166,156,154,162,156,165,167,165,155,160,160,167,161,161,156,157,152
3,2012-04-04,157,156,142,162,162,158,159,160,167,167,165,175,174,179,178,167,163,162,165
3,2012-04-05,202,160,161,167,162,197,196,175,180,163,189,176,174,169,186,173,178,199,190
3,2012-04-06,294,300,318,255,300,245,287,253,242,148,5,345,135,93,66,116,146,146,135
3,2012-04-07,188,170,205,263,187,193,245,245,247,204,193,250,136,153,212,233,257,246,264
3,2012-04-08,240,262,239,265,149,244,263,201,182,215,207,271,26,291,321,81,242,246,253
3,2012-04-09,340,331,331,340,343,343,343,339,331,334,331,336,335,337,325,332,301,317,330
3,2012-04-10,169,277,155,278,286,280,307,129,301,113,347,336,320,326,127,66,51,168,165
3,2012-04-11,180,173,181,148,158,176,199,176,169,179,154,171,177,158,165,164,168,172,166
3,2012-04-12,257,274,290,254,271,246,255,255,271,125,104,117,187,149,139,136,133,152,132
3,2012-04-13,119,128,135,137,128,151,137,137,139,147,158,162,137,147,149,132,127,132,132
3,2012-04-14,156,162,177,169,159,150,168,279,160,283,141,162,167,223,282,280,253,272,276
3,2012-04-15,222,198,231,236,226,180,228,220,177,192,191,220,189,186,180,185,175,175,159
3,2012-04-16,175,172,146,170,192,165,170,189,162,160,166,236,161,251,198,199,202,248,251
3,2012-04-17,311,310,213,258,306,260,258,257,221,231,200,199,312,316,332,327,306,319,322
3,2012-04-18,298,296,294,301,300,300,321,303,303,312,309,315,4,20,325,296,246,251,259
3,2012-04-19,188,211,202,212,186,197,216,196,197,189,199,199,176,193,215,230,208,219,189
3,2012-04-20,212,194,200,199,212,199,197,223,204,223,230,217,217,223,183,212,199,198,222
3,2012-04-21,255,250,242,259,264,268,322,260,258,256,252,243,307,246,197,238,267,124,233
3,2012-04-22,201,215,210,204,206,211,181,185,210,209,192,174,193,197,201,170,171,198,174
3,2012-04-23,202,159,162,185,260,180,173,177,177,169,168,172,197,180,173,201,176,194,195
3,2012-04-24,165,157,160,152,181,150,179,171,171,170,177,181,162,158,165,159,170,164,166
3,2012-04-25,264,124,261,195,339,127,289,298,296,301,140,107,46,346,135,81,92,98,137
3,2012-04-26,195,212,180,127,191,111,125,167,165,135,110,117,128,136,350,134,193,157,143
3,2012-04-27,268,357,327,350,286,347,271,338,354,299,327,325,354,352,12,9,345,349,338
3,2012-04-28,309,2,350,292,322,316,299,90,6,16,75,58,41,145,85,155,110,236,152
3,2012-04-29,353,260,242,236,235,249,109,120,111,101,120,166,139,127,124,160,180,174,155
3,2012-04-30,250,290,271,280,300,248,54,298,33,2,322,340,74,55,77,85,157,155,93
3,2012-05-01,268,258,142,302,269,268,145,63,353,302,71,128,116,118,144,152,297,196,182
3,2012-05-02,34,244,298,297,49,338,44,332,256,0,62,52,359,346,14,25,13,349,342
3,2012-05-03,343,298,334,290,288,308,305,294,19,359,30,28,41,28,200,15,297,339,26
3,2012-05-04,63,289,328,140,95,64,275,276,281,52,353,262,332,131,123,126,272,129,120
3,2012-05-05,243,245,296,154,274,252,287,259,80,155,165,234,140,146,151,145,236,146,148
3,2012-05-06,333,229,268,152,254,268,239,143,292,293,292,341,203,181,318,142,149,153,142
3,2012-05-07,222,296,292,223,222,219,162,31,141,130,91,109,74,134,130,77,300,296,276
3,2012-05-08,45,282,26,288,297,306,10,348,331,6,37,41,4,12,25,1,11,354,9
3,2012-05-09,279,359,273,342,333,285,299,283,5,22,14,6,358,8,14,358,255,297,327
3,2012-05-10,301,280,292,322,281,18,1,347,5,14,9,359,0,7,0,336,302,295,325
3,2012-05-11,297,339,316,301,312,309,350,7,5,28,35,9,40,37,42,38,293,320,356
3,2012-05-12,21,282,287,282,341,303,275,337,359,325,302,349,20,23,15,264,297,357,359
3,2012-05-13,69,243,238,283,87,273,315,2,7,340,358,54,21,4,14,26,328,340,318
3,2012-05-14,316,297,301,297,299,309,308,304,312,315,311,311,294,306,303,306,294,302,305
3,2012-05-15,285,293,294,288,296,298,296,302,310,298,307,302,309,303,310,318,233,243,327
3,2012-05-16,191,206,205,316,194,185,224,225,226,159,144,165,174,293,280,283,289,331,336
3,2012-05-17,340,336,334,321,332,323,326,329,320,294,303,294,294,319,312,335,325,332,331
3,2012-05-18,4,290,355,341,358,351,0,350,355,348,356,335,341,330,313,312,300,306,301
3,2012-05-19,57,66,52,23,46,9,264,53,204,80,16,38,2,336,321,274,271,284,270
3,2012-05-20,255,250,310,225,116,166,126,123,141,114,139,131,131,153,152,139,161,171,168
3,2012-05-21,144,150,142,129,176,173,156,156,169,157,190,143,163,150,167,155,275,287,273
3,2012-05-22,235,235,232,246,203,229,269,252,244,233,275,242,264,280,261,217,184,192,230
3,2012-05-23,6,310,292,273,248,293,5,6,330,313,39,17,35,29,6,17,19,30,358
3,2012-05-24,323,341,349,310,318,320,336,313,326,325,323,314,320,341,345,312,310,303,330
3,2012-05-25,300,301,301,305,312,0,317,349,345,337,335,359,357,358,15,356,320,13,7
3,2012-05-26,288,281,280,353,341,296,336,332,313,333,338,9,260,66,87,81,98,318,318
3,2012-05-27,0,5,296,296,339,338,299,279,309,359,11,354,1,11,3,15,11,357,342
3,2012-05-28,276,103,293,284,282,56,303,42,2,324,342,220,75,227,184,51,157,250,238
3,2012-05-29,275,14,334,279,32,271,14,321,285,304,143,134,141,69,250,128,110,115,115
3,2012-05-30,280,318,320,296,293,5,346,342,357,346,346,207,7,4,351,31,61,51,28
3,2012-05-31,74,65,44,290,276,273,10,275,346,269,123,112,106,95,154,136,128,123,260
3,2012-06-01,158,274,284,106,277,210,172,252,271,152,109,103,119,141,149,147,146,204,187
3,2012-06-02,228,234,122,217,118,136,205,246,138,140,139,138,182,131,166,189,173,174,180
3,2012-06-03,190,144,187,130,187,122,121,168,174,150,121,129,128,176,158,187,174,176,184
3,2012-06-04,170,195,195,185,177,177,166,165,126,145,139,118,218,189,191,181,212,182,195
3,2012-06-05,243,264,238,259,214,18,328,282,3,327,306,41,359,49,9,23,9,25,39
3,2012-06-06,300,264,286,301,294,11,187,329,7,351,348,164,29,41,21,55,147,74,55
3,2012-06-07,263,267,225,265,135,130,90,90,47,115,128,118,126,140,166,124,171,177,161
3,2012-06-08,142,238,131,209,152,131,216,221,140,127,128,136,164,163,159,146,184,200,179
3,2012-06-09,197,150,151,183,159,184,174,147,146,122,144,133,122,184,144,139,186,165,153
3,2012-06-10,238,334,17,239,289,20,212,221,68,62,1,130,314,135,88,142,5,154,142
3,2012-06-11,255,231,248,248,253,251,279,269,272,277,123,222,265,256,190,147,135,180,157
3,2012-06-12,190,191,144,80,125,187,144,169,168,151,146,149,139,148,210,164,183,199,152
3,2012-06-13,291,256,237,310,242,66,42,259,253,293,58,327,59,324,296,22,51,57,24
3,2012-06-14,289,285,354,351,354,332,313,318,359,32,3,23,21,42,36,336,42,12,52
3,2012-06-15,270,340,350,344,276,309,293,10,17,10,359,4,3,3,308,7,345,351,0
3,2012-06-16,298,289,302,297,343,330,17,349,7,351,5,19,336,31,23,5,336,339,11
3,2012-06-17,281,297,299,5,345,304,297,16,13,5,350,13,12,21,15,0,6,0,352
3,2012-06-18,14,283,279,292,6,277,342,12,320,317,10,15,11,10,334,355,3,3,351
3,2012-06-19,276,14,297,288,15,318,0,342,323,14,357,8,6,11,3,325,355,356,344
3,2012-06-20,302,15,30,287,15,275,276,11,12,344,335,320,1,16,19,13,2,356,4
3,2012-06-21,253,232,245,229,137,264,99,100,189,114,107,144,130,137,272,139,207,168,149
3,2012-06-22,279,268,337,333,315,282,312,356,358,341,331,359,2,1,3,347,335,336,348
3,2012-06-23,292,6,290,284,15,311,315,292,11,16,16,336,17,354,18,15,17,338,356
3,2012-06-24,358,284,322,282,276,0,320,0,355,339,13,29,21,22,10,22,345,319,6
3,2012-06-25,69,268,263,79,346,269,328,299,297,151,106,140,105,179,141,139,162,151,140
3,2012-06-26,263,316,283,260,332,324,41,349,32,7,1,22,328,36,40,22,344,3,14
3,2012-06-27,334,354,325,352,316,358,307,345,315,351,340,348,357,355,349,2,0,312,339
3,2012-06-28,256,35,262,347,31,341,289,267,2,21,6,4,14,19,12,29,166,86,69
3,2012-06-29,256,232,269,70,247,237,81,74,82,89,79,78,179,65,48,69,80,196,162
3,2012-06-30,243,49,57,251,39,237,49,248,306,3,16,2,51,64,45,232,49,152,335
3,2012-07-01,243,319,243,257,243,63,349,35,71,61,64,76,42,88,140,52,168,149,61
3,2012-07-02,259,243,245,303,123,110,109,35,98,126,177,136,122,199,139,181,153,147,186
3,2012-07-03,214,216,312,190,225,145,189,175,140,184,182,145,176,148,141,153,170,178,144
3,2012-07-04,269,251,127,253,35,343,288,133,80,132,121,133,137,145,169,166,162,146,163
3,2012-07-05,206,123,198,122,162,139,126,160,114,135,106,169,160,141,137,154,158,167,154
3,2012-07-06,147,165,177,171,140,145,120,126,97,127,125,124,162,137,134,144,153,178,154
3,2012-07-07,247,343,235,328,310,255,284,2,324,19,352,23,22,8,12,17,356,20,17
3,2012-07-08,356,312,169,10,303,21,281,279,53,297,291,314,24,47,21,31,38,46,211
3,2012-07-09,303,80,134,36,261,265,292,263,334,69,338,78,0,61,151,160,156,170,169
3,2012-07-10,339,328,299,349,61,267,229,271,27,62,265,70,320,17,53,24,34,50,27
3,2012-07-11,250,149,250,254,355,266,334,244,83,145,151,130,152,179,272,151,157,271,110
3,2012-07-12,312,322,275,321,257,300,294,285,282,151,187,310,351,5,331,290,310,15,321
3,2012-07-13,14,55,137,122,286,265,260,270,287,300,347,315,67,139,250,249,282,180,137
3,2012-07-14,161,125,125,264,268,271,149,256,273,80,52,123,119,77,136,190,142,158,165
3,2012-07-15,127,209,227,145,214,203,138,170,133,183,163,123,131,220,137,149,153,330,280
3,2012-07-16,290,314,3,329,279,289,321,284,301,343,356,351,349,3,342,334,345,344,340
3,2012-07-17,337,332,335,350,332,343,313,313,350,309,338,356,343,347,348,339,340,340,350
3,2012-07-18,350,346,350,335,315,314,304,324,351,340,10,343,358,349,345,0,351,351,356
3,2012-07-19,345,65,37,323,323,338,304,327,326,17,75,6,70,32,56,189,164,146,67
3,2012-07-20,200,86,238,245,152,250,148,219,223,138,85,134,60,96,128,124,162,162,205
3,2012-07-21,195,137,154,258,118,243,234,125,202,199,124,123,136,132,124,135,157,153,163
3,2012-07-22,8,307,311,293,329,307,320,306,305,11,357,350,329,331,19,19,17,332,3
3,2012-07-23,336,348,322,323,316,306,303,285,312,355,300,305,339,342,3,336,339,345,4
3,2012-07-24,342,92,40,91,58,41,332,325,328,50,49,44,60,260,54,41,311,279,302
3,2012-07-25,58,331,48,256,268,82,255,300,310,97,75,186,94,5,73,250,60,61,56
3,2012-07-26,333,276,326,1,312,302,357,226,355,313,339,356,347,357,335,348,324,294,334
3,2012-07-27,333,309,311,299,305,340,305,342,340,331,298,323,339,339,323,338,335,329,336
3,2012-07-28,353,356,347,310,302,317,309,321,325,5,329,358,344,357,236,3,350,295,286
3,2012-07-29,229,153,155,236,248,228,224,130,171,221,260,136,121,129,137,142,155,263,267
3,2012-07-30,356,9,320,339,314,300,305,300,289,318,346,337,326,343,348,353,23,4,3
3,2012-07-31,338,8,331,298,4,297,319,314,301,320,347,7,16,352,11,353,359,0,337
3,2012-08-01,339,315,12,310,12,323,312,353,307,334,2,7,356,3,347,339,348,356,358
3,2012-08-02,277,274,51,19,353,267,291,262,329,49,343,32,27,31,195,39,8,252,47
3,2012-08-03,135,135,240,333,222,73,292,251,105,137,87,106,129,119,89,124,132,147,197
3,2012-08-04,65,135,243,236,149,298,243,144,250,66,66,122,140,116,126,135,139,179,150
3,2012-08-05,225,129,162,128,218,210,231,157,131,209,142,119,131,178,175,153,169,167,177
3,2012-08-06,131,225,247,244,9,185,179,234,147,238,129,247,129,146,105,79,105,130,128
3,2012-08-07,5,8,331,303,285,246,317,337,357,25,352,7,5,301,13,27,7,281,358
3,2012-08-08,358,1,346,307,315,298,295,323,346,330,322,311,318,18,337,21,343,358,5
3,2012-08-09,330,333,358,334,288,324,308,295,304,343,330,310,339,344,342,339,352,347,350
3,2012-08-10,351,343,342,303,301,353,309,304,318,311,300,354,333,357,0,338,345,342,352
3,2012-08-11,326,297,9,7,301,302,311,354,296,331,358,9,355,357,1,9,349,335,358
3,2012-08-12,294,17,302,347,284,340,285,324,315,341,6,351,5,357,303,9,3,18,9
3,2012-08-13,146,147,170,186,190,106,233,270,247,243,117,43,84,138,133,104,142,144,145
3,2012-08-14,88,198,97,108,61,152,191,101,180,140,68,213,103,64,122,107,81,84,71
3,2012-08-15,209,158,142,321,258,251,277,256,123,98,135,74,121,109,122,208,144,165,172
3,2012-08-16,57,332,94,274,154,119,258,257,321,340,104,320,42,85,79,102,126,66,222
3,2012-08-17,351,330,352,254,357,305,342,312,340,354,355,4,358,0,345,341,348,352,348
3,2012-08-18,344,345,315,309,308,350,307,323,335,32,16,13,4,16,17,34,326,22,328
3,2012-08-19,7,52,39,298,307,298,294,319,307,38,326,6,5,48,346,52,39,26,25
3,2012-08-20,283,332,301,2,285,287,277,34,41,5,34,19,24,27,22,265,275,317,30
3,2012-08-21,273,34,37,243,269,54,257,238,354,76,327,66,11,54,220,24,45,57,238
3,2012-08-22,345,257,114,255,87,249,240,75,238,315,77,154,80,147,122,163,211,155,163
3,2012-08-23,141,257,119,246,261,242,127,94,78,113,255,138,149,204,146,138,142,185,181
3,2012-08-24,131,175,125,230,238,238,237,181,248,131,129,140,135,132,187,126,161,176,174
3,2012-08-25,358,129,61,252,258,296,276,245,270,242,109,157,123,159,101,147,255,179,158
3,2012-08-26,155,356,264,6,245,341,249,263,308,268,265,158,136,129,349,145,145,110,154
3,2012-08-27,331,335,335,257,313,313,311,322,337,332,333,334,334,334,330,330,337,333,327
3,2012-08-28,310,7,306,4,351,313,337,10,14,9,2,302,5,9,321,354,313,307,4
3,2012-08-29,279,280,297,310,358,294,53,345,352,10,261,46,28,322,343,355,14,23,23
3,2012-08-30,254,254,313,263,257,358,223,350,351,28,8,6,53,36,40,228,207,39,43
3,2012-08-31,237,170,243,177,207,239,137,168,129,159,128,155,177,183,175,167,230,161,135
3,2012-09-01,224,148,258,121,237,140,249,137,129,297,184,283,223,336,266,227,122,190,217
3,2012-09-02,79,19,356,303,282,151,331,156,259,143,135,98,115,115,120,109,120,230,154
3,2012-09-03,152,140,150,140,145,169,161,169,177,164,148,182,158,157,210,196,153,163,153
3,2012-09-04,275,281,283,269,146,132,155,304,105,135,194,124,202,140,167,256,173,157,134
3,2012-09-05,275,237,270,177,226,354,252,208,340,170,197,136,132,226,87,322,268,83,89
3,2012-09-06,250,19,242,262,272,280,263,320,285,300,353,311,335,329,318,326,318,1,281
3,2012-09-07,349,306,352,309,309,347,313,325,347,351,357,347,312,341,345,321,319,351,302
3,2012-09-08,310,308,295,315,317,356,343,6,334,282,5,357,4,287,352,311,343,5,304
3,2012-09-09,282,345,294,285,309,259,11,21,30,21,18,345,264,3,16,319,329,284,4
3,2012-09-10,250,178,261,39,7,256,305,92,142,45,154,93,121,172,60,140,101,277,251
3,2012-09-11,243,254,260,273,350,40,336,61,18,20,97,261,86,265,202,264,80,349,51
3,2012-09-12,230,149,229,141,264,147,249,142,301,146,160,156,199,201,160,112,149,241,244
3,2012-09-13,175,175,169,170,184,167,218,166,197,179,197,254,204,209,215,174,234,167,175
3,2012-09-14,199,174,169,182,118,169,170,185,184,190,184,172,181,175,184,181,176,168,189
3,2012-09-15,259,195,208,300,258,38,331,59,41,48,52,342,30,359,39,344,21,350,236
3,2012-09-16,308,309,298,306,311,304,352,335,323,340,357,344,342,338,314,343,290,348,353
3,2012-09-17,19,278,284,286,299,14,289,11,312,343,8,24,33,31,314,295,326,8,277
3,2012-09-18,269,350,318,280,273,8,50,340,62,60,95,188,73,150,104,270,240,44,267
3,2012-09-19,233,225,128,185,186,208,123,122,139,129,126,185,140,153,148,179,210,270,123
3,2012-09-20,246,243,240,290,279,340,307,331,320,327,326,330,338,333,332,337,312,335,333
3,2012-09-21,296,311,305,297,304,302,322,2,330,14,333,358,304,0,6,6,318,340,350
3,2012-09-22,167,238,157,240,202,237,141,142,105,147,129,132,176,148,175,127,163,236,238
3,2012-09-23,129,235,233,223,237,162,114,139,165,136,142,139,149,163,160,162,170,139,285
3,2012-09-24,172,187,184,179,186,180,188,147,131,130,132,143,182,147,167,168,172,205,175
3,2012-09-25,303,292,291,262,289,209,269,214,296,184,253,206,212,265,244,299,235,200,268
3,2012-09-26,220,214,187,193,148,209,195,205,204,204,149,182,134,158,160,132,148,140,240
3,2012-09-27,169,166,172,185,189,148,143,165,139,186,138,208,194,196,186,167,70,134,137
3,2012-09-28,231,273,133,235,218,311,245,140,170,137,145,147,240,260,176,168,133,197,130
3,2012-09-29,166,185,202,155,265,173,214,170,254,164,144,158,149,161,143,146,163,161,184
3,2012-09-30,182,188,171,182,0,217,223,6,19,31,120,35,153,49,91,57,43,10,23
3,2012-10-01,158,181,179,178,143,184,183,197,131,154,148,153,127,145,145,140,127,131,170
3,2012-10-02,286,310,8,301,257,24,217,252,305,55,22,41,12,55,9,289,305,293,46
3,2012-10-03,267,22,258,309,277,256,16,311,337,64,57,68,64,61,306,273,354,47,301
3,2012-10-04,41,282,278,274,274,302,302,42,77,76,55,260,270,103,274,11,285,344,353
3,2012-10-05,8,347,292,0,261,265,283,265,343,306,319,289,24,241,50,43,20,358,336
3,2012-10-06,301,351,287,255,278,308,139,171,270,95,214,98,45,89,232,336,60,103,19
3,2012-10-07,167,138,149,130,159,272,272,306,210,359,238,236,110,68,132,302,336,287,154
3,2012-10-08,306,11,353,323,22,6,298,328,318,357,48,328,354,10,0,336,2,314,9
3,2012-10-09,147,122,341,128,282,117,97,246,136,2,107,133,274,271,136,240,244,147,162
3,2012-10-10,92,55,36,308,306,106,320,297,317,319,353,63,179,87,98,286,99,110,80
3,2012-10-11,63,105,124,59,40,90,99,91,150,260,247,249,287,269,38,145,309,136,156
3,2012-10-12,196,179,179,200,224,183,216,193,174,202,164,170,212,229,241,213,218,231,226
3,2012-10-13,153,193,315,240,264,267,136,270,69,273,124,155,191,227,163,111,265,294,94
3,2012-10-14,342,335,113,17,165,231,224,264,248,84,141,134,201,155,237,94,109,284,93
3,2012-10-15,213,220,193,185,202,175,174,180,164,165,179,192,187,183,182,156,169,163,200
3,2012-10-16,267,248,270,245,223,227,258,254,259,229,229,254,258,270,250,232,192,180,258
3,2012-10-17,313,273,122,266,254,211,264,325,246,295,249,56,110,14,89,64,78,294,58
3,2012-10-18,149,244,273,243,242,265,350,252,242,85,286,110,242,45,74,202,56,71,59
3,2012-10-19,34,0,296,287,277,324,329,283,1,350,304,285,275,24,322,23,302,47,353
3,2012-10-20,261,6,330,354,277,276,1,8,9,299,301,330,312,272,334,349,4,279,311
3,2012-10-21,310,274,276,19,300,313,271,357,4,337,18,22,265,320,312,336,334,21,294
3,2012-10-22,326,25,1,295,240,35,271,277,285,10,18,43,314,271,269,316,339,22,1
3,2012-10-23,322,267,2,313,2,285,314,298,5,308,335,347,18,267,266,300,4,357,36
3,2012-10-24,262,40,282,6,90,14,36,278,58,324,49,269,308,297,357,250,239,264,272
3,2012-10-25,97,144,96,292,247,250,250,202,258,262,85,247,274,96,133,121,257,160,247
3,2012-10-26,287,232,149,164,171,117,142,118,290,190,179,231,246,161,227,178,170,220,172
3,2012-10-27,222,177,189,190,196,171,182,181,188,223,184,205,189,222,173,212,226,223,192
3,2012-10-28,212,224,244,286,204,217,291,236,208,185,217,201,214,200,231,217,250,284,282
3,2012-10-29,245,244,227,280,233,240,259,235,249,285,202,247,274,270,279,244,221,245,291
3,2012-10-30,123,109,293,63,283,292,135,296,25,284,297,285,279,292,297,345,11,102,124
3,2012-10-31,123,129,93,86,110,145,137,137,144,133,128,165,143,138,128,162,154,126,132
3,2012-11-01,201,184,184,247,224,245,224,235,207,224,230,175,224,205,190,189,257,235,252
3,2012-11-02,246,225,206,194,131,210,198,222,277,142,184,200,280,169,234,270,170,260,269
3,2012-11-03,245,279,231,140,127,143,258,155,309,275,202,186,181,242,231,197,214,214,181
3,2012-11-04,240,176,180,187,202,223,167,194,185,223,263,178,241,226,176,177,168,186,157
3,2012-11-05,216,197,175,178,187,213,177,189,204,209,204,199,182,174,177,192,192,236,223
3,2012-11-06,301,278,271,240,231,255,261,249,290,267,262,244,266,248,285,262,276,340,251
3,2012-11-07,257,262,251,325,304,309,301,322,299,306,307,258,300,308,290,326,323,314,303
3,2012-11-08,295,343,306,278,347,342,347,230,305,249,325,297,307,328,300,289,359,10,349
3,2012-11-09,237,241,319,356,324,258,309,335,332,245,245,355,247,249,275,354,246,350,241
3,2012-11-10,236,234,231,240,168,231,270,117,171,236,135,145,150,174,164,143,149,143,151
3,2012-11-11,166,176,155,151,141,135,154,160,171,176,163,137,159,159,166,163,151,150,144
3,2012-11-12,162,143,163,148,149,164,177,164,136,151,160,111,183,175,135,130,110,25,62
3,2012-11-13,338,14,352,293,345,320,358,296,6,330,334,339,315,327,310,4,359,348,302
3,2012-11-14,337,349,352,314,338,308,319,343,345,302,356,1,315,310,317,13,29,358,0
3,2012-11-15,275,320,291,315,6,347,311,338,50,47,48,48,315,322,309,1,348,330,32
3,2012-11-16,326,323,295,295,303,327,327,316,311,296,352,336,341,315,345,314,310,326,321
3,2012-11-17,324,325,297,358,313,292,285,291,87,344,342,304,311,297,43,98,25,32,81
3,2012-11-18,111,110,132,107,116,104,115,131,89,118,123,116,352,131,137,110,140,129,122
3,2012-11-19,78,130,153,105,145,127,70,123,119,149,150,98,166,84,125,99,79,107,81
3,2012-11-20,76,125,96,116,101,275,96,80,75,70,117,84,92,121,98,99,106,123,120
3,2012-11-21,247,269,272,348,325,286,3,266,248,263,18,321,282,291,32,348,328,309,304
3,2012-11-22,326,290,351,1,311,262,351,278,5,274,294,289,354,357,293,346,283,260,314
3,2012-11-23,36,222,36,247,237,286,214,17,246,205,233,262,244,262,257,240,280,353,296
3,2012-11-24,289,307,8,357,278,286,326,354,357,332,284,275,304,293,314,313,12,258,277
3,2012-11-25,251,197,95,246,94,90,88,125,252,254,253,205,169,240,228,232,277,266,227
3,2012-11-26,234,237,99,193,251,112,157,281,277,276,261,282,205,119,140,236,187,239,177
3,2012-11-27,201,194,182,192,186,203,230,73,223,227,201,177,162,225,180,158,216,170,162
3,2012-11-28,171,161,151,146,185,175,173,210,168,140,172,204,180,165,161,175,156,166,175
3,2012-11-29,210,204,205,181,201,227,233,189,206,201,202,216,225,187,206,211,206,188,199
3,2012-11-30,211,217,223,199,275,196,205,213,197,215,197,233,187,208,200,223,211,194,211
3,2012-12-01,191,221,192,201,142,210,238,248,179,209,173,180,253,238,165,186,77,218,202
3,2012-12-02,209,220,232,241,275,262,265,228,223,225,230,202,212,241,258,217,247,241,238
3,2012-12-03,281,295,309,322,317,317,326,311,237,298,232,216,228,275,233,318,324,306,306
3,2012-12-04,235,251,238,177,181,186,183,184,190,228,263,311,211,242,175,156,182,232,207
3,2012-12-05,298,302,308,315,251,318,288,290,233,259,311,280,286,288,259,254,246,306,250
3,2012-12-06,294,300,303,284,312,315,304,316,318,295,274,295,286,290,278,288,297,286,285
3,2012-12-07,161,154,193,165,290,298,252,306,292,289,291,284,300,287,298,293,289,211,201
3,2012-12-08,301,292,300,293,297,298,285,272,272,227,235,184,174,189,184,195,195,207,215
3,2012-12-09,337,338,321,334,5,334,332,331,296,326,299,334,315,327,333,338,334,337,329
3,2012-12-10,196,288,224,282,274,203,180,197,176,223,296,303,270,268,297,274,264,276,196
3,2012-12-11,300,275,285,300,277,272,281,266,288,289,274,282,251,270,302,288,298,300,295
3,2012-12-12,290,321,282,281,325,344,303,336,252,349,350,352,237,322,310,318,295,291,295
3,2012-12-13,204,191,184,207,216,187,204,189,184,173,242,246,269,245,238,183,250,249,256
3,2012-12-14,172,188,193,170,178,183,168,178,178,183,220,213,180,162,163,131,195,176,192
3,2012-12-15,207,202,195,178,192,186,201,181,203,199,210,185,200,199,217,201,186,206,187
3,2012-12-16,244,218,248,223,265,248,231,227,186,259,198,230,247,198,230,196,229,262,195
3,2012-12-17,190,266,184,87,100,88,176,153,174,246,271,285,232,245,284,296,299,247,249
3,2012-12-18,292,298,304,284,297,306,305,303,296,310,305,305,301,298,301,295,288,286,290
3,2012-12-19,349,337,336,348,331,343,321,334,333,315,310,328,331,327,300,324,329,323,312
3,2012-12-20,335,344,341,330,301,298,319,320,302,319,318,328,344,329,335,316,319,301,321
3,2012-12-21,42,176,157,89,314,49,252,60,119,270,249,234,111,74,60,5,207,255,249
3,2012-12-22,357,353,2,348,329,352,337,352,316,316,323,350,320,345,352,355,301,312,334
3,2012-12-23,358,356,20,229,359,300,258,277,260,279,297,293,296,224,347,245,280,299,15
3,2012-12-24,241,293,108,58,75,253,233,204,225,204,287,320,152,210,216,164,165,235,190
3,2012-12-25,169,177,166,171,199,187,168,207,192,173,142,180,160,187,178,177,167,172,164
3,2012-12-26,172,181,199,173,194,170,192,198,202,186,181,194,173,162,190,219,198,211,181
3,2012-12-27,337,304,96,320,237,279,263,266,271,161,204,278,292,210,295,199,176,162,304
3,2012-12-28,336,319,335,237,209,189,313,327,339,204,346,326,344,247,328,304,302,248,215
3,2012-12-29,357,358,358,359,329,358,321,8,347,10,356,347,351,5,309,356,357,336,8
3,2012-12-30,350,0,344,338,328,327,314,342,286,329,283,327,337,317,322,303,319,302,319
3,2012-12-31,228,212,65,115,244,296,271,249,230,204,169,269,241,233,250,267,269,240,203
