idplant,day,temperature
1,2012-01-01,0,0,0,0,7,7,9,6,6,0,9,14,0,0,13,12,0,9,8
1,2012-01-02,10,11,9,9,8,8,8,0,0,0,0,0,0,0,-1,8,9,10,10
1,2012-01-03,0,0,0,0,0,0,0,-1,8,9,10,10,10,12,8,8,8,7,5
1,2012-01-04,0,-1,9,9,10,10,14,11,10,10,10,6,9,0,0,0,0,0,0
1,2012-01-05,0,0,0,0,0,0,0,-1,8,9,10,10,10,12,10,8,8,8,8
1,2012-01-06,0,0,0,0,0,0,0,0,7,8,9,9,9,7,7,8,8,8,8
1,2012-01-07,7,7,7,6,6,5,0,0,0,0,0,0,0,0,6,8,8,8,8
1,2012-01-08,0,0,0,0,0,0,0,0,9,10,10,11,11,9,7,6,5,5,5
1,2012-01-09,0,0,0,0,0,0,0,0,6,7,7,6,6,6,8,7,7,5,5
1,2012-01-10,0,0,0,0,0,0,0,0,9,8,9,10,9,9,7,7,7,6,6
1,2012-01-11,0,0,0,0,0,0,0,0,9,10,10,10,6,8,7,6,6,6,6
1,2012-01-12,0,0,0,0,0,0,0,0,12,12,13,13,12,10,6,7,7,6,6
1,2012-01-13,0,0,0,0,0,0,0,-1,9,9,10,10,13,12,11,8,8,6,7
1,2012-01-14,7,7,8,10,9,7,9,7,7,6,6,0,0,0,0,0,0,0,0
1,2012-01-15,0,0,0,0,0,0,0,0,9,7,8,7,7,10,9,8,7,6,6
1,2012-01-16,0,0,0,0,0,0,0,0,5,6,6,6,10,10,9,8,7,6,6
1,2012-01-17,0,0,0,0,0,0,0,0,5,7,10,10,10,10,9,7,7,6,6
1,2012-01-18,0,0,0,0,0,0,0,0,8,7,10,10,10,9,6,7,5,5,5
1,2012-01-19,0,0,0,0,0,0,0,0,9,9,10,10,10,13,9,7,6,6,6
1,2012-01-20,0,0,0,0,0,0,0,0,9,9,14,13,13,13,8,10,10,9,5
1,2012-01-21,0,0,0,0,0,0,0,0,9,11,11,11,11,9,6,7,7,6,6
1,2012-01-22,0,0,0,0,0,0,0,0,9,9,10,10,10,9,8,10,8,9,9
1,2012-01-23,0,0,0,0,0,0,0,-1,8,9,10,10,10,9,10,7,8,8,8
1,2012-01-24,0,0,0,0,0,0,0,0,9,9,14,13,13,12,10,10,9,8,7
1,2012-01-25,0,0,0,0,0,0,0,0,9,10,10,10,10,10,9,8,7,6,6
1,2012-01-26,0,0,0,0,0,0,0,0,9,10,10,10,10,10,9,8,7,6,6
1,2012-01-27,6,6,0,0,0,0,0,0,0,0,9,10,10,10,10,10,9,8,7
1,2012-01-28,0,0,0,0,0,0,0,0,9,10,10,10,10,10,9,8,7,6,6
1,2012-01-29,0,0,0,0,0,0,0,0,9,10,10,10,10,10,9,8,7,6,6
1,2012-01-30,0,0,0,0,0,0,0,0,9,10,10,10,10,10,9,8,7,6,6
1,2012-01-31,0,0,0,0,0,0,0,0,9,10,10,10,10,10,9,8,7,6,6
1,2012-02-01,0,0,0,0,0,0,0,0,8,8,8,9,8,8,8,7,6,6,5
1,2012-02-02,0,0,0,0,0,0,0,0,8,8,8,9,8,8,8,7,6,6,5
1,2012-02-03,0,0,0,0,0,0,0,0,8,8,8,9,8,8,8,7,6,6,5
1,2012-02-04,0,0,0,0,0,0,0,0,8,8,8,9,8,8,8,7,6,6,5
1,2012-02-05,0,0,0,0,0,0,0,0,8,8,8,9,8,8,8,7,6,6,5
1,2012-02-06,0,0,0,0,0,0,0,0,8,8,8,9,8,8,8,7,6,6,5
1,2012-02-07,0,0,0,0,0,0,0,0,8,8,8,8,8,8,8,7,6,6,5
1,2012-02-08,0,0,0,0,0,0,0,0,8,8,8,9,8,8,8,7,6,6,5
1,2012-02-09,0,0,0,0,0,0,0,0,8,8,8,9,8,8,8,7,6,6,5
1,2012-02-10,0,0,0,0,0,0,0,0,8,8,8,9,8,8,8,7,6,6,5
1,2012-02-11,0,0,0,0,0,0,0,0,8,8,8,9,8,8,8,7,6,6,5
1,2012-02-12,0,0,0,0,0,0,0,0,8,8,8,9,8,8,8,7,6,6,5
1,2012-02-13,0,0,0,0,0,0,0,0,8,8,8,9,8,8,8,7,6,6,5
1,2012-02-14,0,0,0,0,0,0,0,0,8,8,8,9,8,8,8,7,6,6,5
1,2012-02-15,0,0,0,0,0,0,0,0,8,8,8,9,8,8,8,7,6,6,5
1,2012-02-16,0,0,0,0,0,0,0,0,8,8,8,9,8,8,8,7,6,6,5
1,2012-02-17,0,0,0,0,0,0,0,0,8,8,8,9,8,8,8,7,6,6,5
1,2012-02-18,0,0,0,0,0,0,0,0,8,8,8,9,8,8,8,7,6,6,5
1,2012-02-19,0,0,0,0,0,0,0,0,8,8,8,9,8,8,8,7,6,6,5
1,2012-02-20,0,0,0,0,0,0,0,0,8,8,8,9,8,8,8,7,6,6,5
1,2012-02-21,0,0,0,0,0,0,0,0,8,8,8,9,8,8,8,7,6,6,5
1,2012-02-22,0,0,0,0,0,0,0,0,8,8,8,9,8,8,8,7,6,6,5
1,2012-02-23,6,6,5,0,0,0,0,0,0,0,0,8,8,8,9,8,8,8,7
1,2012-02-24,0,0,0,0,0,0,0,-1,7,8,8,8,8,8,7,11,9,9,8
1,2012-02-25,0,0,0,0,0,-1,-1,-1,7,7,8,8,8,8,7,6,9,8,7
1,2012-02-26,0,0,0,0,0,0,-1,-1,7,7,8,8,14,11,11,11,9,8,7
1,2012-02-27,0,0,0,0,0,0,0,0,8,7,7,8,8,7,6,5,5,5,5
1,2012-02-28,0,0,0,0,0,0,0,0,8,10,10,9,10,9,8,6,3,4,5
1,2012-02-29,0,0,0,0,0,0,0,0,7,8,8,8,8,8,7,6,6,5,5
1,2012-03-01,0,0,0,0,0,0,0,-1,15,16,17,16,16,15,13,10,12,11,10
1,2012-03-02,0,0,0,0,0,0,-1,-1,14,15,15,15,15,15,17,12,12,9,10
1,2012-03-03,0,0,0,0,0,-1,-1,-1,14,15,15,15,15,15,14,14,10,11,10
1,2012-03-04,0,0,0,0,0,0,-1,-1,14,15,15,15,18,16,14,11,11,11,12
1,2012-03-05,0,0,0,0,0,0,0,-1,18,17,15,14,14,13,11,13,12,11,8
1,2012-03-06,0,0,0,0,0,0,-1,-1,17,17,15,19,16,12,11,10,12,9,8
1,2012-03-07,0,0,0,0,0,0,0,0,13,12,14,13,13,12,14,13,12,11,10
1,2012-03-08,0,0,0,0,0,0,0,0,15,15,16,12,12,11,11,13,12,11,8
1,2012-03-09,0,0,0,0,0,0,0,0,13,11,16,16,15,11,11,10,10,10,9
1,2012-03-10,0,0,0,0,0,0,0,0,11,11,16,16,16,15,14,13,12,11,8
1,2012-03-11,0,0,0,0,0,0,0,0,12,12,12,16,15,15,14,13,12,11,8
1,2012-03-12,0,0,0,0,0,0,0,0,15,15,16,16,15,15,14,13,12,9,10
1,2012-03-13,0,0,0,0,0,0,0,0,13,13,13,13,12,12,14,13,12,11,10
1,2012-03-14,0,0,0,0,0,0,0,0,14,14,16,15,14,14,11,13,12,11,10
1,2012-03-15,0,0,0,0,0,0,-1,-1,17,18,18,18,17,15,13,10,12,11,10
1,2012-03-16,0,0,0,0,0,-1,-1,-1,14,15,15,15,15,14,14,13,11,11,11
1,2012-03-17,0,0,0,0,0,-1,-1,-1,14,15,15,15,15,15,15,12,11,11,10
1,2012-03-18,0,0,0,0,0,-1,-1,-1,14,15,15,15,15,18,15,12,11,10,10
1,2012-03-19,0,0,0,0,0,-1,-1,-1,14,15,15,15,15,14,14,15,12,10,9
1,2012-03-20,0,0,0,0,0,-1,-1,-1,14,15,15,15,15,18,16,13,10,9,9
1,2012-03-21,0,0,0,0,0,0,-1,-1,14,15,15,15,19,18,15,12,10,9,8
1,2012-03-22,0,0,0,0,0,-1,-1,-1,14,15,15,15,15,15,14,13,11,11,11
1,2012-03-23,0,0,0,0,0,0,-1,-1,14,15,15,15,15,14,14,13,12,11,10
1,2012-03-24,0,0,0,0,-1,-1,-1,-1,14,15,15,18,16,15,16,14,13,12,11
1,2012-03-25,0,0,0,0,0,-1,-1,-1,14,15,15,15,15,18,15,13,10,10,10
1,2012-03-26,0,0,0,0,0,-1,0,-1,14,15,15,15,19,18,16,14,13,12,11
1,2012-03-27,0,0,0,0,0,0,-1,-1,18,19,19,19,18,17,15,12,10,9,9
1,2012-03-28,0,0,0,0,0,-1,-1,-1,14,15,19,19,19,17,16,13,11,10,10
1,2012-03-29,0,0,0,0,-1,-1,-1,-1,14,15,15,15,15,14,14,13,14,11,10
1,2012-03-30,0,0,0,0,-1,-1,-1,-1,14,15,15,15,15,14,14,15,12,11,10
1,2012-03-31,0,0,0,0,-1,-1,-1,-1,14,15,15,15,15,15,14,15,14,13,12
1,2012-04-01,0,0,0,0,-1,-1,-1,-1,16,17,21,18,16,15,13,12,12,11,10
1,2012-04-02,0,0,0,0,0,-1,-1,-1,16,17,17,17,22,19,16,14,13,12,12
1,2012-04-03,0,0,0,0,-1,-1,-1,-1,17,17,22,22,19,17,16,15,15,15,15
1,2012-04-04,0,-1,-1,-1,-1,-1,-1,-1,19,21,21,21,21,19,17,15,15,15,15
1,2012-04-05,-1,0,0,-1,-1,-1,-1,-1,21,19,20,19,17,13,16,15,15,15,15
1,2012-04-06,0,0,0,0,-1,-1,-1,-1,16,17,22,17,17,21,19,17,15,15,15
1,2012-04-07,0,0,0,0,-1,-1,-1,-1,17,14,15,16,16,16,14,12,12,12,11
1,2012-04-08,0,0,0,0,0,0,0,-1,17,18,17,18,13,14,15,13,11,10,13
1,2012-04-09,0,0,0,0,0,0,0,0,17,17,17,17,17,17,16,16,15,13,13
1,2012-04-10,0,0,0,0,0,0,0,0,15,17,18,18,17,15,13,15,15,13,13
1,2012-04-11,0,0,0,0,0,0,0,0,16,20,20,21,21,18,15,13,12,11,12
1,2012-04-12,0,0,0,0,0,-1,-1,-1,16,17,17,17,20,18,16,14,12,11,12
1,2012-04-13,0,0,0,0,0,0,0,0,12,12,17,13,13,13,12,12,13,13,13
1,2012-04-14,0,0,0,0,-1,-1,-1,-1,19,20,22,19,15,12,16,11,11,11,11
1,2012-04-15,0,0,0,0,0,-1,-1,-1,16,21,19,17,18,16,15,14,12,12,11
1,2012-04-16,0,0,0,0,0,0,0,-1,16,15,14,14,13,11,16,15,14,10,10
1,2012-04-17,16,15,14,10,13,0,0,0,0,0,-1,0,0,12,14,13,13,12,12
1,2012-04-18,0,0,0,0,0,0,0,0,17,18,19,19,18,16,14,12,14,11,11
1,2012-04-19,0,0,0,0,0,-1,-1,-1,17,19,19,17,16,16,15,14,13,12,12
1,2012-04-20,0,0,0,0,-1,-1,-1,-1,17,21,20,17,14,14,14,13,12,11,10
1,2012-04-21,0,0,0,0,0,-1,-1,-1,21,20,22,22,21,20,18,15,13,13,13
1,2012-04-22,0,0,0,0,-1,-1,-1,-1,16,17,17,17,17,21,19,16,14,13,13
1,2012-04-23,0,0,0,0,-1,-1,-1,-1,16,21,19,18,17,17,16,15,14,13,14
1,2012-04-24,0,0,0,0,-1,-1,-1,-1,16,17,17,17,22,21,18,16,14,13,14
1,2012-04-25,0,0,0,0,-1,-1,-1,-1,17,17,17,17,17,20,18,16,13,12,12
1,2012-04-26,0,0,0,0,-1,-1,-1,-1,16,16,17,17,17,16,16,19,16,15,14
1,2012-04-27,0,0,0,-1,-1,-1,-1,-1,21,17,17,17,17,16,16,15,16,13,12
1,2012-04-28,0,0,0,-1,-1,-1,-1,-1,16,17,17,17,17,16,16,15,18,13,16
1,2012-04-29,0,0,0,-1,-1,-1,-1,-1,16,16,17,17,17,16,16,15,14,13,13
1,2012-04-30,0,0,0,-1,-1,-1,-1,-1,16,16,17,17,17,16,16,15,14,16,16
1,2012-05-01,0,0,0,-1,-1,-1,-1,-1,21,21,21,21,21,21,20,19,20,18,19
1,2012-05-02,0,-1,0,-1,-1,-1,-1,-1,21,21,21,21,21,24,22,20,17,15,14
1,2012-05-03,0,0,-1,-1,-1,-1,-1,-1,21,21,26,21,25,23,22,19,16,17,13
1,2012-05-04,0,0,0,-1,-1,-1,-1,-1,21,21,21,21,25,24,23,21,17,14,13
1,2012-05-05,0,0,-1,-1,-1,-1,-1,-1,21,21,21,21,21,21,24,22,19,17,17
1,2012-05-06,0,0,-1,-1,-1,-1,-1,-1,25,25,21,21,21,21,20,22,19,19,18
1,2012-05-07,-1,-1,-1,-1,-1,-1,-1,-1,21,21,26,25,25,25,23,21,19,17,17
1,2012-05-08,0,0,-1,-1,-1,-1,-1,-1,24,24,23,24,23,22,20,18,15,17,16
1,2012-05-09,0,0,0,-1,-1,-1,-1,-1,26,21,21,21,25,24,22,20,17,17,16
1,2012-05-10,0,0,-1,-1,-1,-1,-1,-1,21,21,21,21,25,24,23,21,18,17,15
1,2012-05-11,0,0,-1,-1,-1,-1,-1,-1,21,21,21,21,21,21,20,23,19,16,15
1,2012-05-12,0,-1,-1,-1,-1,-1,-1,-1,21,21,21,21,21,21,20,19,21,17,16
1,2012-05-13,0,-1,-1,-1,-1,-1,-1,-1,21,21,21,21,21,21,22,20,18,17,16
1,2012-05-14,0,0,0,0,0,0,0,0,22,22,22,22,22,21,21,20,18,17,16
1,2012-05-15,0,0,0,0,0,0,-1,-1,21,22,22,21,17,18,18,16,18,17,16
1,2012-05-16,0,0,0,-1,-1,-1,-1,-1,21,26,26,21,23,23,19,17,18,17,16
1,2012-05-17,0,0,0,0,0,0,0,0,22,22,22,21,22,21,21,20,18,17,16
1,2012-05-18,0,0,0,0,0,-1,-1,-1,19,20,20,20,19,17,21,20,18,17,16
1,2012-05-19,0,0,0,0,-1,-1,-1,-1,26,25,26,25,24,23,22,19,16,17,16
1,2012-05-20,0,0,0,-1,-1,-1,-1,-1,21,21,21,21,21,23,21,19,18,17,17
1,2012-05-21,-1,-1,-1,-1,-1,-1,-1,-1,21,21,21,21,21,21,20,22,20,20,18
1,2012-05-22,0,0,0,-1,-1,-1,-1,-1,24,25,25,21,22,20,21,20,18,14,13
1,2012-05-23,0,0,0,-1,-1,-1,-1,-1,23,23,24,23,22,20,19,17,16,16,16
1,2012-05-24,0,0,0,-1,-1,-1,-1,-1,24,26,26,21,25,24,24,23,21,19,16
1,2012-05-25,-1,-1,-1,-1,-1,-1,-1,-1,25,25,25,21,24,24,23,21,18,15,14
1,2012-05-26,0,-1,-1,-1,-1,-1,-1,-1,26,26,23,25,23,22,20,20,18,18,17
1,2012-05-27,0,0,0,-1,-1,-1,-1,-1,25,24,21,23,22,21,20,19,16,17,16
1,2012-05-28,0,0,0,-1,-1,-1,-1,-1,21,21,24,23,22,22,19,18,17,16,15
1,2012-05-29,0,0,-1,-1,-1,-1,-1,-1,21,21,21,21,21,21,24,21,19,17,17
1,2012-05-30,0,0,0,-1,-1,-1,-1,-1,26,21,21,21,21,21,20,19,20,16,14
1,2012-05-31,0,0,0,-1,-1,-1,-1,-1,25,21,25,21,21,21,20,19,21,19,16
1,2012-06-01,0,0,-1,-1,-1,-1,-1,-1,28,29,32,31,31,30,27,25,23,21,20
1,2012-06-02,-1,-1,-1,-1,-1,-1,-1,-1,28,29,29,29,29,31,28,26,23,21,20
1,2012-06-03,-1,-1,-1,-1,-1,-1,-1,-1,28,29,29,29,29,32,29,26,23,21,20
1,2012-06-04,-1,-1,-1,-1,-1,-1,-1,-1,28,29,32,28,28,30,27,26,23,23,22
1,2012-06-05,0,0,-1,-1,-1,-1,-1,-1,27,28,28,27,26,25,28,27,26,25,23
1,2012-06-06,0,0,-1,-1,-1,-1,-1,-1,28,29,29,28,28,28,27,25,26,25,23
1,2012-06-07,-1,-1,-1,-1,-1,-1,-1,-1,28,29,29,29,29,29,31,29,25,23,23
1,2012-06-08,-1,-1,-1,-1,-1,-1,-1,-1,28,28,29,29,29,28,28,30,27,26,25
1,2012-06-09,-1,-1,-1,-1,-1,-1,-1,-1,28,29,29,29,29,28,28,27,28,26,25
1,2012-06-10,-1,-1,-1,-1,-1,-1,-1,-1,28,29,29,29,29,29,28,31,27,24,23
1,2012-06-11,-1,-1,-1,-1,-1,-1,-1,-1,28,29,29,33,32,31,30,29,26,24,23
1,2012-06-12,-1,-1,-1,-1,-1,-1,-1,-1,28,29,29,29,29,28,28,27,29,27,24
1,2012-06-13,-1,-1,-1,-1,-1,-1,-1,-1,29,31,32,31,30,28,27,26,23,25,23
1,2012-06-14,-1,-1,-1,-1,-1,-1,-1,-1,32,32,32,31,30,28,27,25,23,25,23
1,2012-06-15,0,0,-1,-1,-1,-1,-1,-1,31,31,31,31,30,28,28,26,26,25,23
1,2012-06-16,-1,-1,-1,-1,-1,-1,-1,-1,32,33,29,29,33,31,30,28,25,21,23
1,2012-06-17,0,0,-1,-1,-1,-1,-1,-1,28,29,29,29,33,29,31,29,25,21,23
1,2012-06-18,0,0,-1,-1,-1,-1,-1,-1,28,29,29,29,29,29,28,29,26,22,20
1,2012-06-19,-1,-1,-1,-1,-1,-1,-1,-1,28,29,29,29,31,29,28,29,28,24,22
1,2012-06-20,-1,-1,-1,-1,-1,-1,-1,-1,28,29,29,29,29,28,28,27,29,24,22
1,2012-06-21,-1,-1,-1,-1,-1,-1,-1,-1,28,28,29,29,29,28,28,27,26,24,23
1,2012-06-22,-1,-1,-1,-1,-1,-1,-1,-1,28,29,29,29,29,29,28,31,28,25,23
1,2012-06-23,-1,-1,-1,-1,-1,-1,-1,-1,28,29,29,29,29,29,28,27,29,26,24
1,2012-06-24,-1,-1,-1,-1,-1,-1,-1,-1,27,29,29,29,29,32,29,28,27,26,25
1,2012-06-25,-1,-1,-1,-1,-1,-1,-1,-1,28,29,29,29,29,28,28,27,29,26,26
1,2012-06-26,-1,-1,-1,-1,-1,-1,-1,-1,28,29,29,29,33,32,30,28,26,24,23
1,2012-06-27,-1,-1,-1,-1,-1,-1,-1,-1,31,32,32,32,30,30,29,27,24,21,23
1,2012-06-28,-1,-1,-1,-1,-1,-1,-1,-1,28,29,29,29,29,29,31,30,26,22,22
1,2012-06-29,-1,-1,-1,-1,-1,-1,-1,-1,28,29,29,29,29,28,28,27,28,25,25
1,2012-06-30,-1,-1,-1,-1,-1,-1,-1,-1,28,29,29,29,29,28,28,27,26,26,25
1,2012-07-01,-1,-1,-1,-1,-1,-1,-1,-1,30,31,31,31,31,31,30,30,30,26,25
1,2012-07-02,-1,-1,-1,-1,-1,-1,-1,-2,30,31,31,31,31,31,34,33,31,29,29
1,2012-07-03,-1,-1,-1,-1,-1,-1,-1,-1,30,31,31,31,31,34,33,32,31,29,27
1,2012-07-04,-1,-1,-1,-1,-1,-1,-1,-1,30,31,31,31,31,31,33,30,28,27,26
1,2012-07-05,-1,-1,-1,-1,-1,-1,-1,-1,30,31,31,31,34,34,33,31,28,26,25
1,2012-07-06,-1,-1,-1,-1,-1,-1,-1,-1,30,31,31,31,35,32,31,30,26,26,25
1,2012-07-07,-1,-1,-1,-1,-1,-1,-1,-1,31,31,36,31,35,33,31,29,28,26,25
1,2012-07-08,-1,-1,-1,-1,-1,-1,-1,-1,31,31,31,31,31,31,30,33,30,25,24
1,2012-07-09,-1,-1,-1,-1,-1,-1,-1,-1,30,31,31,31,31,31,30,30,29,29,29
1,2012-07-10,-1,-1,-1,-1,-1,-1,-1,-1,31,31,31,31,31,31,30,30,31,27,25
1,2012-07-11,-1,-1,-1,-1,-1,-1,-1,-1,30,31,31,31,31,31,30,29,29,28,26
1,2012-07-12,-1,-1,-1,-1,-1,-1,-1,-1,31,31,34,32,32,27,31,31,29,26,25
1,2012-07-13,-1,-1,-1,-1,-1,-1,-1,-1,30,31,31,31,31,31,30,30,31,28,26
1,2012-07-14,-1,-1,-1,-1,-1,-1,-1,-1,30,31,31,31,31,31,30,30,32,29,28
1,2012-07-15,-1,-1,-1,-1,-1,-1,-2,-2,30,31,31,31,31,31,30,29,29,30,29
1,2012-07-16,-1,-1,-1,-1,-1,-1,-1,-1,33,33,33,32,32,30,28,27,25,24,24
1,2012-07-17,-1,-1,-1,-1,-1,-1,-1,-1,29,30,29,29,28,28,27,26,29,27,26
1,2012-07-18,-1,-1,-1,-1,-1,-1,-1,-1,31,32,32,32,31,30,29,28,25,27,26
1,2012-07-19,-1,-1,-1,-1,-1,-1,-1,-1,31,31,31,31,31,35,34,32,28,25,26
1,2012-07-20,-1,-1,-1,-1,-1,-1,-1,-1,30,31,31,31,31,31,30,30,30,28,27
1,2012-07-21,-1,-1,-1,-1,-1,-1,-1,-1,30,31,31,31,31,31,30,30,31,28,28
1,2012-07-22,-1,-1,-1,-1,-1,-1,-1,-1,31,35,34,32,30,29,27,26,29,27,26
1,2012-07-23,0,0,-1,-1,-1,-1,-1,-1,29,29,32,28,32,31,26,30,29,27,23
1,2012-07-24,-1,-1,-1,-1,-1,-1,-1,-1,31,27,29,27,32,31,31,30,29,27,26
1,2012-07-25,-1,-1,-1,-1,-1,-1,-1,-1,31,28,32,28,32,27,26,26,29,27,26
1,2012-07-26,-1,-1,-1,-1,-1,-1,-1,-1,32,32,32,33,32,32,31,31,30,28,27
1,2012-07-27,0,0,0,0,0,0,0,0,32,32,33,32,32,30,29,28,26,24,23
1,2012-07-28,-1,-1,-1,-1,-1,-1,-1,-1,31,31,31,31,31,35,34,32,27,24,23
1,2012-07-29,-1,-1,-1,-1,-1,-1,-1,-1,30,31,31,31,31,31,30,29,29,27,26
1,2012-07-30,-1,-1,-1,-1,-1,-1,-1,-1,31,31,31,31,31,35,33,31,28,25,24
1,2012-07-31,-1,-1,-1,-1,-1,-1,-1,-1,35,31,35,34,34,32,31,30,27,25,24
1,2012-08-01,-1,-1,-1,-1,-1,-1,-1,-1,30,34,35,34,33,33,31,29,27,24,25
1,2012-08-02,-1,-1,-1,-1,-1,-1,-1,-1,30,31,31,31,31,34,32,30,27,24,23
1,2012-08-03,31,31,31,31,30,29,30,28,27,-1,-1,-1,-1,-1,-1,-1,-1,30,31
1,2012-08-04,-1,-1,-1,-1,-1,-1,-1,-1,30,31,31,31,31,31,30,29,30,28,25
1,2012-08-05,-1,-1,-1,-1,-1,-1,-1,-1,30,30,31,31,31,31,30,29,27,26,25
1,2012-08-06,-1,-1,-1,-1,-1,-1,-1,-2,30,30,31,31,30,30,30,29,27,26,25
1,2012-08-07,-1,-1,-1,-1,-1,-1,-1,-1,30,31,31,31,31,31,30,29,30,27,26
1,2012-08-08,-1,-1,-1,-1,-1,-1,-1,-1,30,31,31,31,31,34,33,31,28,25,23
1,2012-08-09,-1,-1,-1,-1,-1,-1,-1,-1,27,31,31,35,34,32,31,29,26,26,25
1,2012-08-10,-1,-1,-1,-1,-1,-1,-1,-1,30,34,35,33,32,31,29,27,25,24,24
1,2012-08-11,-1,-1,-1,-1,-1,-1,-1,-1,31,31,30,31,29,28,27,29,28,26,25
1,2012-08-12,-1,-1,-1,-1,-1,-1,-1,-1,32,32,33,32,32,29,28,26,28,26,25
1,2012-08-13,-1,-1,-1,-1,-1,-1,-1,-1,32,31,35,31,34,34,31,27,25,26,25
1,2012-08-14,-1,-1,-1,-1,-1,-1,-1,-1,30,31,34,32,32,31,31,29,26,24,23
1,2012-08-15,-1,-1,-1,-1,-1,-1,-1,-1,30,31,31,31,31,31,30,31,28,27,26
1,2012-08-16,-1,-1,-1,-1,-1,-1,-1,-1,30,31,31,31,31,31,30,32,29,27,26
1,2012-08-17,-1,-1,-1,-1,-1,-1,-1,-1,30,31,31,35,34,32,31,29,26,25,23
1,2012-08-18,-1,-1,-1,-1,-1,-1,-1,-1,30,31,31,31,31,33,31,29,26,26,25
1,2012-08-19,-1,-1,-1,-1,-1,-1,-1,-1,30,31,31,31,31,33,31,29,25,26,25
1,2012-08-20,-1,-1,-1,-1,-1,-1,-1,-1,30,31,31,31,31,34,32,29,25,26,25
1,2012-08-21,-1,-1,-1,-1,-1,-1,-1,-1,30,31,31,31,31,31,33,30,25,26,25
1,2012-08-22,-1,-1,-1,-1,-1,-1,-1,-1,30,31,31,31,31,31,30,31,27,27,25
1,2012-08-23,-1,-1,-1,-1,-1,-1,-1,-2,30,30,31,31,31,30,30,29,29,28,25
1,2012-08-24,-1,-1,-1,-1,-1,-1,-1,-2,30,30,31,31,31,30,30,29,30,26,25
1,2012-08-25,-1,-1,-1,-1,-1,-1,-1,-1,30,30,31,31,31,31,30,32,28,25,25
1,2012-08-26,-1,-1,-1,-1,-1,-1,-1,-1,30,31,31,31,31,31,33,29,28,26,25
1,2012-08-27,-1,-1,-1,-1,-1,-1,-1,-1,29,29,30,29,28,31,30,29,28,26,25
1,2012-08-28,-1,-1,-1,-1,-1,-1,-1,-1,30,31,31,31,29,28,30,29,28,26,25
1,2012-08-29,0,0,-1,-1,-1,-1,-1,-1,30,31,35,34,33,31,28,26,28,26,25
1,2012-08-30,-1,-1,-1,-1,-1,-1,-1,-1,30,31,31,31,34,33,31,27,28,26,23
1,2012-08-31,-1,-1,-1,-1,-1,-1,-1,-1,30,31,31,31,31,33,30,28,26,26,26
1,2012-09-01,-1,-1,-1,-1,-1,-1,-1,-1,25,26,26,26,27,22,21,24,23,19,19
1,2012-09-02,-1,-1,-1,-1,-1,-1,-1,-1,26,26,30,29,29,28,27,25,25,24,24
1,2012-09-03,-1,-1,-1,-1,-1,-1,-1,-1,26,26,26,26,30,25,28,25,24,23,22
1,2012-09-04,-1,-1,-1,-1,-1,-1,-1,-1,26,26,26,26,30,28,26,24,24,22,21
1,2012-09-05,-1,-1,-1,-1,-1,-1,-1,-1,26,26,26,27,27,25,24,23,21,20,20
1,2012-09-06,-1,-1,-1,-1,-1,-1,-1,-1,26,30,25,23,24,23,22,22,20,21,21
1,2012-09-07,-1,-1,-1,-1,-1,-1,-1,-1,28,29,28,28,28,26,25,23,21,19,20
1,2012-09-08,-1,-1,-1,-1,-1,-1,-1,-1,26,26,30,30,29,27,25,22,23,22,18
1,2012-09-09,-1,-1,-1,-1,-1,-1,-1,-1,26,26,26,26,28,28,26,23,20,19,18
1,2012-09-10,-1,-1,0,-1,-1,-1,-1,-1,26,26,26,26,26,29,27,23,21,20,20
1,2012-09-11,-1,-1,-1,-1,-1,-1,-1,-1,26,26,26,26,26,28,25,22,22,21,20
1,2012-09-12,-1,-1,-1,-1,-1,-1,-1,-1,26,26,26,26,26,29,28,25,24,23,22
1,2012-09-13,-1,-1,-1,-1,-1,-1,-1,-1,26,27,29,25,26,26,25,24,20,20,20
1,2012-09-14,-1,-1,-1,-1,-1,-1,-1,-1,29,29,24,25,25,23,21,24,23,19,18
1,2012-09-15,0,0,0,-1,-1,-1,-1,-1,29,27,27,26,24,23,23,21,23,22,19
1,2012-09-16,-1,-1,-1,-1,-1,-1,-1,-1,23,23,24,24,24,23,21,24,23,22,21
1,2012-09-17,-1,-1,-1,-1,-1,-1,-1,-1,28,29,29,26,26,24,22,24,23,22,21
1,2012-09-18,0,0,0,0,-1,-1,-1,-1,26,28,26,25,25,24,22,24,23,22,21
1,2012-09-19,-1,-1,-1,-1,-1,-1,-1,-1,26,26,26,30,27,26,24,22,21,21,21
1,2012-09-20,-1,-1,-1,-1,-1,-1,-1,-1,23,23,27,27,26,26,25,24,23,22,21
1,2012-09-21,0,0,0,0,-1,-1,-1,-1,23,24,24,24,23,26,25,24,23,22,21
1,2012-09-22,0,0,0,0,-1,-1,-1,-1,26,26,26,26,28,27,24,21,23,19,19
1,2012-09-23,-1,-1,-1,-1,-1,-1,-1,-1,26,26,26,26,26,25,25,23,22,21,21
1,2012-09-24,-1,-1,-1,-1,-1,-1,-1,-1,25,26,26,26,26,25,28,26,24,24,23
1,2012-09-25,-1,-1,-1,-1,-1,-1,-1,-1,26,29,30,29,29,29,26,23,22,21,22
1,2012-09-26,-1,-1,-1,-1,-1,-1,-1,-1,26,26,26,26,26,25,27,25,23,22,22
1,2012-09-27,-1,-1,-1,-1,-1,-1,-1,-1,25,26,26,26,26,28,27,24,24,22,21
1,2012-09-28,-1,-1,-1,-1,-1,-1,-1,-1,26,26,26,26,26,25,24,23,24,24,21
1,2012-09-29,-1,-1,-1,-1,-1,-1,-1,-1,25,26,26,26,26,25,24,23,22,21,21
1,2012-09-30,-1,-1,-1,-1,-1,-1,-1,-1,26,26,26,26,26,28,25,23,23,21,20
1,2012-10-01,-1,-1,-1,-1,-1,-1,-1,-1,21,21,21,22,21,21,20,18,18,17,17
1,2012-10-02,-1,-1,-1,-1,-1,-1,-1,-1,21,22,22,22,25,23,22,21,19,19,18
1,2012-10-03,0,0,-1,-1,-1,-1,-1,-1,21,22,22,22,21,24,21,19,17,16,15
1,2012-10-04,0,0,0,0,-1,-1,-1,-1,21,21,22,22,21,24,21,18,16,14,14
1,2012-10-05,-1,0,0,0,-1,-1,-1,-1,21,22,22,22,21,23,21,17,15,14,14
1,2012-10-06,0,0,0,0,-1,-1,-1,-1,21,21,22,22,21,24,21,17,16,16,16
1,2012-10-07,-1,-1,-1,-1,-1,-1,-1,-1,21,21,22,22,21,21,20,21,18,17,20
1,2012-10-08,-1,-1,-1,-1,-1,-1,-1,-1,25,22,25,24,22,20,19,17,18,14,14
1,2012-10-09,0,0,0,0,-1,-1,-1,-1,21,21,22,22,18,18,18,18,17,17,18
1,2012-10-10,-1,-1,-1,-1,-1,-1,-1,-1,25,24,19,20,24,22,19,18,17,17,16
1,2012-10-11,-1,-1,-1,-1,-1,-1,-1,-1,21,22,22,22,24,22,19,18,19,19,19
1,2012-10-12,-1,-1,-1,-1,-1,-1,-1,-1,22,25,24,20,21,21,19,18,17,16,16
1,2012-10-13,0,0,0,0,-1,-1,-1,-1,21,22,24,25,24,22,20,19,18,18,18
1,2012-10-14,-1,-1,-1,-1,-1,-1,-1,-1,20,22,22,22,22,20,18,17,18,19,19
1,2012-10-15,-1,-1,-1,-1,-1,-1,-1,-1,21,22,24,23,24,22,21,20,20,20,19
1,2012-10-16,-1,-1,-1,-1,-1,-1,-1,-1,22,22,24,25,24,21,18,16,15,15,15
1,2012-10-17,0,0,0,0,-1,-1,-1,-1,21,22,22,25,23,20,17,19,18,17,17
1,2012-10-18,0,0,0,0,0,-1,-1,-1,21,21,22,22,24,21,20,19,18,17,17
1,2012-10-19,0,0,0,0,0,-1,-1,-1,21,22,22,25,23,21,17,19,18,17,17
1,2012-10-20,0,0,0,0,0,-1,-1,-1,23,24,25,24,22,20,17,19,15,15,13
1,2012-10-21,0,0,0,0,-1,-1,-1,-1,21,22,22,25,23,21,17,19,18,17,17
1,2012-10-22,0,0,0,0,-1,-1,-1,-1,25,25,25,25,23,20,17,19,18,16,16
1,2012-10-23,-1,0,0,0,-1,-1,-1,-1,24,25,25,25,22,20,17,15,17,16,16
1,2012-10-24,0,0,0,0,0,-1,-1,-1,25,25,24,24,22,19,20,19,18,17,13
1,2012-10-25,0,0,0,0,0,-1,-1,-1,21,22,22,22,21,19,20,19,18,15,15
1,2012-10-26,-1,0,0,0,-1,-1,-1,-1,21,21,22,25,22,20,19,19,19,19,18
1,2012-10-27,-1,-1,-1,-1,-1,-1,-1,-1,21,22,24,24,22,21,20,19,19,18,19
1,2012-10-28,-1,-1,-1,-1,-1,-1,-1,-1,18,19,20,19,18,18,20,15,18,17,17
1,2012-10-29,0,0,0,0,0,0,-1,-1,21,18,22,22,22,21,20,19,18,17,17
1,2012-10-30,0,0,0,0,0,0,0,-1,18,19,19,22,22,21,20,19,18,17,17
1,2012-10-31,0,0,0,0,0,0,-1,-1,21,22,22,22,22,21,20,15,15,15,15
1,2012-11-01,-1,-1,-1,-1,-1,-1,-1,-1,17,17,17,17,20,18,16,16,15,13,12
1,2012-11-02,0,0,0,0,-1,-1,-1,-1,17,17,17,17,17,19,17,14,14,14,14
1,2012-11-03,0,0,0,0,0,-1,-1,-1,17,17,17,17,17,18,16,16,15,15,15
1,2012-11-04,0,0,0,0,-1,-1,-1,-1,17,17,17,17,17,19,18,17,16,17,17
1,2012-11-05,-1,-1,-1,-1,-1,-1,-1,-1,17,17,18,17,17,16,15,15,14,14,14
1,2012-11-06,0,0,0,0,-1,0,-1,-1,17,17,21,17,20,17,17,17,16,16,14
1,2012-11-07,-1,0,0,0,0,0,-1,-1,18,19,16,18,14,17,16,15,15,14,11
1,2012-11-08,0,0,0,0,0,0,-1,-1,18,19,18,18,17,14,16,15,15,14,14
1,2012-11-09,0,0,0,0,0,0,-1,-1,19,19,19,18,17,15,16,15,15,14,14
1,2012-11-10,0,0,0,0,0,0,-1,-1,17,17,17,20,18,16,14,14,13,13,14
1,2012-11-11,-1,-1,-1,-1,-1,-1,-1,-1,20,17,21,20,19,18,18,18,18,14,14
1,2012-11-12,-1,-1,-1,-1,-1,-1,-1,-1,17,17,17,17,17,16,18,17,17,17,16
1,2012-11-13,-1,-1,-1,-1,-1,-1,-1,-1,17,20,18,18,18,17,17,16,16,15,15
1,2012-11-14,0,0,0,0,0,-1,-1,-1,20,19,19,18,17,15,14,15,13,12,12
1,2012-11-15,0,0,0,0,0,0,0,0,17,18,18,18,17,17,13,13,13,13,13
1,2012-11-16,0,0,0,0,0,0,0,0,17,18,18,18,17,17,13,13,12,12,12
1,2012-11-17,0,0,0,0,0,0,0,0,16,18,17,16,16,15,14,14,14,14,13
1,2012-11-18,0,0,0,0,0,-1,-1,-1,17,17,16,15,15,14,14,14,14,14,15
1,2012-11-19,-1,0,-1,0,-1,-1,-1,-1,17,16,15,15,15,14,13,13,13,13,13
1,2012-11-20,0,0,0,0,0,0,-1,-1,18,20,18,16,15,15,15,15,15,15,14
1,2012-11-21,0,0,0,0,0,-1,-1,-1,17,18,20,16,14,14,14,14,14,14,14
1,2012-11-22,0,0,0,0,0,0,-1,-1,17,20,20,17,16,15,14,12,11,11,11
1,2012-11-23,0,0,0,0,0,0,0,-1,17,19,19,19,17,15,13,13,13,13,13
1,2012-11-24,0,0,0,0,0,0,-1,-1,17,18,18,18,18,15,16,15,15,14,14
1,2012-11-25,0,0,0,0,0,0,-1,-1,17,17,21,18,19,15,16,15,11,11,11
1,2012-11-26,0,0,0,0,0,0,-1,-1,17,17,18,17,19,14,16,15,11,12,11
1,2012-11-27,0,0,0,0,0,0,-1,-1,20,19,18,17,15,14,13,12,12,13,13
1,2012-11-28,-1,-1,-1,-1,-1,-1,-1,-1,18,19,20,20,19,18,18,17,16,14,15
1,2012-11-29,0,0,0,0,0,0,-1,-1,15,17,17,15,17,17,16,15,11,11,10
1,2012-11-30,0,0,0,0,0,0,-1,-1,17,17,16,18,17,17,16,15,15,14,14
1,2012-12-01,0,0,0,0,0,0,-1,-1,10,11,11,11,15,12,11,11,11,10,9
1,2012-12-02,0,0,0,0,0,0,-1,-1,10,11,11,13,13,12,11,11,9,10,10
1,2012-12-03,0,0,0,0,0,0,0,0,8,8,9,8,11,11,10,5,5,5,5
1,2012-12-04,0,0,0,0,0,0,0,0,10,11,14,15,12,11,11,11,11,11,11
1,2012-12-05,0,0,0,0,0,0,0,0,13,13,13,12,10,7,10,6,7,7,7
1,2012-12-06,0,0,0,0,0,0,0,0,8,9,9,9,11,11,10,9,9,8,4
1,2012-12-07,0,0,0,0,0,0,0,0,11,13,14,12,12,8,6,7,8,7,7
1,2012-12-08,0,0,0,0,0,0,0,0,8,9,9,9,11,11,10,9,9,8,4
1,2012-12-09,0,0,0,0,0,0,0,0,11,11,12,12,12,11,10,9,5,8,5
1,2012-12-10,0,0,0,0,0,0,0,0,12,13,13,11,10,8,7,7,7,7,8
1,2012-12-11,0,0,0,0,0,0,0,0,8,9,9,8,11,11,10,9,9,8,8
1,2012-12-12,0,0,0,0,0,0,0,0,11,11,12,12,12,11,10,9,9,8,8
1,2012-12-13,0,0,0,0,0,0,0,0,12,10,11,10,11,11,10,5,5,5,5
1,2012-12-14,0,0,0,0,0,0,0,0,14,15,15,13,12,12,11,11,11,11,11
1,2012-12-15,0,0,0,0,0,0,0,0,13,14,14,14,13,12,12,12,12,11,10
1,2012-12-16,0,0,0,0,0,0,0,-1,10,11,11,11,11,10,9,9,8,8,8
1,2012-12-17,0,0,0,0,0,0,0,0,10,11,11,15,14,12,12,12,11,11,11
1,2012-12-18,0,0,0,0,0,0,0,0,12,11,12,11,10,8,7,6,6,7,7
1,2012-12-19,0,0,0,0,0,0,0,0,8,8,8,8,8,8,8,9,8,6,6
1,2012-12-20,0,0,0,0,0,0,0,0,10,10,10,10,9,7,6,6,6,5,4
1,2012-12-21,0,0,0,0,0,0,0,0,10,8,8,9,11,7,6,6,6,6,6
1,2012-12-22,0,0,0,0,0,0,0,0,8,9,10,9,9,8,7,6,6,6,5
1,2012-12-23,0,0,0,0,0,0,0,0,10,11,11,11,15,10,6,5,9,8,6
1,2012-12-24,0,0,0,0,0,0,0,-1,10,11,11,11,11,13,10,9,9,9,9
1,2012-12-25,0,0,0,0,0,0,0,-1,10,11,11,11,14,12,12,12,12,12,8
1,2012-12-26,0,0,0,0,0,0,-1,0,10,11,11,11,11,14,12,10,9,8,8
1,2012-12-27,0,0,0,0,0,0,0,-1,10,11,11,11,11,13,10,10,10,10,10
1,2012-12-28,0,0,0,0,0,0,0,0,13,10,11,11,11,10,9,8,8,8,8
1,2012-12-29,0,0,0,0,0,0,0,0,11,12,11,12,11,9,8,7,7,6,5
1,2012-12-30,0,0,0,0,0,0,0,0,10,15,14,13,12,10,6,9,9,8,4
1,2012-12-31,0,0,0,0,0,0,0,0,13,13,13,9,11,9,7,6,6,5,5
2,2012-01-01,0,10,10,7,8,6,6,5,0,10,10,9,0,9,0,0,0,0,0
2,2012-01-02,0,9,10,8,7,6,6,5,0,9,10,10,10,0,0,0,0,0,0
2,2012-01-03,0,0,0,0,10,10,9,6,10,10,5,6,8,7,0,9,0,0,0
2,2012-01-04,0,0,0,8,6,5,9,6,10,7,10,9,10,10,0,0,0,0,0
2,2012-01-05,0,10,7,0,0,8,5,6,6,0,10,9,0,10,9,10,0,0,0
2,2012-01-06,0,9,10,10,6,6,5,0,10,7,9,8,0,10,0,0,0,0,0
2,2012-01-07,0,0,10,9,7,6,6,5,9,8,10,10,10,0,0,0,0,0,0
2,2012-01-08,0,0,0,10,5,10,10,10,9,8,6,7,6,0,0,0,0,0,9
2,2012-01-09,0,0,7,6,10,5,10,6,10,8,10,9,0,9,0,0,0,0,0
2,2012-01-10,0,0,0,9,10,6,0,7,6,5,0,9,8,10,10,10,0,0,0
2,2012-01-11,0,10,10,9,6,5,0,10,6,8,7,0,10,0,9,0,0,0,0
2,2012-01-12,0,10,8,6,6,5,0,10,7,9,10,10,0,0,9,0,0,0,0
2,2012-01-13,0,0,0,10,7,10,9,8,5,6,6,0,10,9,10,0,0,0,0
2,2012-01-14,0,0,9,6,5,10,10,6,10,7,9,8,0,10,0,0,0,0,0
2,2012-01-15,0,0,9,6,0,0,6,5,9,8,7,10,10,10,10,0,0,0,0
2,2012-01-16,0,10,10,8,5,0,9,6,7,6,0,10,0,10,0,9,0,0,0
2,2012-01-17,0,10,7,0,0,0,0,10,9,0,9,10,8,0,6,10,5,6,0
2,2012-01-18,0,10,0,0,0,0,0,0,10,10,10,9,0,5,6,6,7,8,9
2,2012-01-19,0,6,0,0,0,0,0,9,0,10,0,10,7,8,6,9,5,10,10
2,2012-01-20,0,0,8,0,0,0,0,0,10,10,9,10,6,7,10,5,9,6,0
2,2012-01-21,6,6,10,9,0,0,0,0,0,10,9,10,8,0,10,0,0,7,5
2,2012-01-22,0,6,5,6,8,0,9,10,10,10,0,0,0,0,0,0,9,10,7
2,2012-01-23,0,0,10,10,9,0,10,0,10,9,0,8,7,6,6,5,0,0,0
2,2012-01-24,0,10,5,10,6,10,9,6,8,7,10,0,0,9,0,0,0,0,0
2,2012-01-25,0,7,0,9,6,5,8,10,6,10,9,10,10,0,0,0,0,0,0
2,2012-01-26,10,6,0,8,7,5,6,10,0,9,0,10,9,10,0,0,0,0,0
2,2012-01-27,0,10,5,6,0,10,6,10,7,9,8,9,0,10,0,0,0,0,0
2,2012-01-28,0,8,10,9,7,6,6,5,9,10,10,10,0,0,0,0,0,0,0
2,2012-01-29,0,10,5,9,8,6,7,6,10,0,10,0,10,0,9,0,0,0,0
2,2012-01-30,0,0,0,9,6,10,5,7,10,6,10,8,10,9,0,0,0,0,0
2,2012-01-31,0,0,9,6,0,7,6,5,10,0,8,9,10,10,10,0,0,0,0
2,2012-02-01,0,8,0,5,0,8,5,8,6,7,6,8,0,8,0,7,0,0,0
2,2012-02-02,0,8,6,6,5,5,7,0,8,8,8,8,0,0,7,0,0,0,0
2,2012-02-03,0,8,7,6,5,6,5,8,0,8,0,8,7,8,0,0,0,0,0
2,2012-02-04,0,8,5,0,7,8,6,8,5,8,6,8,7,0,0,0,0,0,0
2,2012-02-05,7,5,0,6,5,8,7,6,8,8,8,8,0,0,0,0,0,0,0
2,2012-02-06,0,8,5,0,8,7,5,6,6,8,0,8,0,8,0,7,0,0,0
2,2012-02-07,0,7,6,6,5,5,0,8,8,7,8,8,0,0,8,0,0,0,0
2,2012-02-08,0,7,6,6,5,5,8,0,8,7,8,8,8,0,0,0,0,0,0
2,2012-02-09,0,0,8,5,8,5,8,8,6,7,6,8,0,0,7,0,0,0,0
2,2012-02-10,6,7,5,5,7,8,6,8,8,8,8,0,0,0,0,0,0,0,0
2,2012-02-11,0,8,0,7,6,5,6,5,8,0,8,0,8,7,8,0,0,0,0
2,2012-02-12,8,8,5,5,6,0,8,8,6,7,7,0,8,0,0,0,0,0,0
2,2012-02-13,0,7,7,8,8,8,8,0,0,0,0,0,0,0,5,8,5,6,6
2,2012-02-14,5,0,8,0,0,8,0,0,0,7,8,0,0,6,6,5,8,7,8
2,2012-02-15,0,0,8,7,8,0,6,5,8,6,0,5,8,8,0,0,7,0,0
2,2012-02-16,8,0,0,0,0,8,0,8,8,7,7,5,0,8,5,6,6,0,0
2,2012-02-17,5,6,8,0,8,0,0,0,0,7,0,8,0,8,7,8,0,6,5
2,2012-02-18,8,0,8,7,0,8,8,8,0,0,0,6,0,6,5,0,5,0,7
2,2012-02-19,0,8,8,5,8,7,5,6,6,8,0,0,8,0,7,0,0,0,0
2,2012-02-20,0,5,8,5,6,8,6,8,7,8,8,0,0,7,0,0,0,0,0
2,2012-02-21,0,0,0,6,6,5,5,8,0,8,7,7,8,8,8,0,0,0,0
2,2012-02-22,8,5,5,0,8,8,6,7,6,8,0,8,0,7,0,0,0,0,0
2,2012-02-23,7,6,5,5,7,0,8,6,8,8,8,8,0,0,0,0,0,0,0
2,2012-02-24,0,8,8,8,7,6,5,6,5,0,0,7,8,0,0,0,0,0,8
2,2012-02-25,5,8,6,8,5,8,6,8,7,7,0,8,0,0,0,0,0,0,0
2,2012-02-26,0,6,0,6,5,5,8,7,7,8,8,8,8,0,0,0,0,0,0
2,2012-02-27,8,0,8,7,5,6,6,8,0,8,0,8,0,7,0,0,0,0,5
2,2012-02-28,0,8,6,8,7,8,8,0,0,7,8,0,0,0,0,6,5,0,5
2,2012-02-29,0,7,8,8,7,0,6,8,0,0,0,8,0,5,5,0,8,0,6
2,2012-03-01,12,0,0,0,15,0,16,0,15,15,15,0,14,16,0,13,10,0,11
2,2012-03-02,14,15,0,0,0,0,0,13,15,0,0,15,16,16,0,15,12,11,10
2,2012-03-03,15,10,0,14,11,13,12,16,0,16,15,0,15,0,15,0,0,0,0
2,2012-03-04,0,11,10,13,0,16,12,16,14,15,15,0,0,15,15,0,0,0,0
2,2012-03-05,0,15,14,13,12,11,10,15,16,15,16,0,0,0,0,0,0,0,15
2,2012-03-06,16,11,15,10,15,12,14,13,15,0,16,0,15,0,0,0,0,0,0
2,2012-03-07,10,12,16,15,16,15,0,0,0,0,0,0,0,14,13,11,15,0,15
2,2012-03-08,11,12,0,15,0,16,0,16,0,15,0,0,14,0,0,15,15,13,10
2,2012-03-09,0,0,16,16,11,15,15,10,13,15,0,12,0,14,0,15,0,0,0
2,2012-03-10,15,14,13,12,11,10,15,0,16,15,16,0,0,0,0,0,0,0,15
2,2012-03-11,12,15,0,16,0,15,15,0,0,0,0,0,0,15,16,14,13,10,11
2,2012-03-12,16,0,0,0,16,0,15,15,12,0,11,0,0,10,15,15,14,13,0
2,2012-03-13,12,16,0,16,15,0,15,0,15,0,10,0,0,15,0,0,14,11,13
2,2012-03-14,15,0,0,0,0,16,0,15,11,15,0,10,0,0,12,15,16,14,13
2,2012-03-15,15,15,13,14,12,10,11,0,0,0,0,16,0,0,0,15,15,0,16
2,2012-03-16,15,15,16,16,0,0,0,15,0,0,15,0,0,0,11,12,13,14,10
2,2012-03-17,0,0,0,0,0,0,0,0,15,14,15,15,16,15,16,11,12,13,10
2,2012-03-18,0,0,0,0,0,0,0,16,16,0,15,15,14,15,15,10,13,11,12
2,2012-03-19,10,0,0,0,11,15,0,0,0,0,0,16,12,16,15,13,15,14,15
2,2012-03-20,0,14,0,0,0,0,0,15,15,0,0,15,15,16,16,12,13,11,10
2,2012-03-21,15,16,0,0,0,0,16,0,0,15,0,15,0,15,10,11,14,12,13
2,2012-03-22,15,0,0,0,0,0,0,0,0,16,13,15,14,16,15,15,10,11,12
2,2012-03-23,15,15,0,0,0,0,0,0,0,0,15,16,16,13,14,15,12,10,11
2,2012-03-24,0,0,0,0,10,15,0,15,0,0,0,15,11,16,16,12,15,13,14
2,2012-03-25,0,0,13,0,0,0,0,0,15,14,15,0,15,16,15,16,11,12,10
2,2012-03-26,14,15,15,0,0,0,0,0,16,0,0,16,0,15,15,10,13,11,12
2,2012-03-27,15,0,0,15,0,0,0,0,0,0,16,12,16,13,15,14,15,10,11
2,2012-03-28,0,0,0,0,0,0,0,0,15,15,15,15,16,16,12,13,14,11,10
2,2012-03-29,0,0,0,0,0,16,0,15,0,15,0,15,10,15,16,11,14,12,13
2,2012-03-30,0,0,0,0,12,0,0,0,0,16,13,15,15,14,16,15,15,10,11
2,2012-03-31,14,15,0,0,0,0,0,0,15,0,0,16,15,16,15,13,12,10,11
2,2012-04-01,18,0,0,0,17,0,0,17,0,0,0,17,13,18,14,17,15,16,13
2,2012-04-02,17,17,0,0,0,0,0,0,0,0,16,17,18,17,18,13,14,15,13
2,2012-04-03,0,0,0,0,0,0,18,0,18,0,17,17,16,17,17,13,15,13,14
2,2012-04-04,0,0,0,0,15,17,0,0,0,0,18,16,18,17,16,17,19,15,12
2,2012-04-05,12,16,15,17,-1,18,-1,-1,-1,-1,-1,16,19,-1,-1,20,22,21,17
2,2012-04-06,0,17,0,0,-1,17,-1,0,17,-1,16,-1,16,12,17,16,15,16,19
2,2012-04-07,17,20,0,-1,0,0,-1,-1,-1,-1,16,15,16,19,17,18,12,12,13
2,2012-04-08,0,0,0,0,0,0,-1,14,-1,19,18,19,20,14,16,16,12,10,11
2,2012-04-09,0,0,0,0,0,13,17,17,0,0,0,17,13,17,17,14,16,15,16
2,2012-04-10,14,0,12,0,0,0,0,0,0,16,16,15,0,17,18,18,18,13,9
2,2012-04-11,22,0,0,0,0,0,22,0,0,21,0,21,17,18,21,12,15,12,13
2,2012-04-12,20,17,17,17,0,0,16,0,0,-1,-1,-1,-1,12,16,17,19,12,11
2,2012-04-13,-1,0,-1,0,0,0,0,14,15,-1,15,13,14,14,14,13,14,14,14
2,2012-04-14,-1,-1,0,0,0,-1,17,17,-1,16,-1,16,12,17,17,12,13,13,13
2,2012-04-15,13,0,14,0,14,-1,0,-1,0,-1,-1,22,17,17,16,18,20,20,21
2,2012-04-16,13,0,0,0,0,0,-1,15,-1,-1,17,19,17,18,12,12,12,12,12
2,2012-04-17,15,17,0,0,-1,17,0,0,15,-1,-1,-1,15,11,12,14,12,13,11
2,2012-04-18,-1,0,-1,0,0,0,0,0,19,16,18,18,20,20,21,13,13,14,12
2,2012-04-19,21,-1,-1,-1,0,0,0,0,0,20,22,21,18,19,18,14,16,14,15
2,2012-04-20,12,0,0,0,12,16,0,-1,-1,-1,-1,20,14,17,17,15,17,16,16
2,2012-04-21,0,15,-1,-1,0,-1,-1,16,16,-1,-1,17,22,17,17,16,18,15,14
2,2012-04-22,16,17,17,0,0,0,-1,17,-1,-1,17,-1,16,-1,14,14,15,15,18
2,2012-04-23,16,0,-1,0,0,-1,-1,-1,-1,22,17,17,19,20,19,19,15,15,16
2,2012-04-24,-1,-1,-1,-1,0,0,0,-1,17,17,16,17,17,19,15,16,15,15,14
2,2012-04-25,0,0,0,-1,13,17,-1,16,-1,-1,-1,17,13,17,17,15,16,19,15
2,2012-04-26,-1,0,0,15,-1,-1,-1,-1,16,15,16,-1,16,17,16,17,13,17,12
2,2012-04-27,16,17,-1,-1,0,0,-1,17,-1,-1,17,-1,17,16,15,13,15,15,18
2,2012-04-28,17,0,-1,16,-1,0,-1,-1,-1,-1,16,14,17,15,16,15,16,12,12
2,2012-04-29,16,-1,-1,0,-1,-1,0,-1,-1,16,16,16,16,16,14,14,15,12,12
2,2012-04-30,-1,-1,0,0,-1,17,-1,16,-1,16,-1,16,12,16,17,13,15,14,15
2,2012-05-01,0,0,-1,18,-1,-1,-1,-1,-1,21,19,21,21,20,21,20,21,15,16
2,2012-05-02,16,17,19,23,20,21,-1,-1,-1,-1,-1,-1,21,-1,-1,21,21,21,21
2,2012-05-03,-1,21,-1,-1,21,-1,-1,21,-1,-1,-1,21,15,21,18,21,23,20,15
2,2012-05-04,21,-1,0,-1,0,-1,-1,-1,-1,21,20,21,21,21,21,16,19,19,14
2,2012-05-05,-1,-1,-1,-1,-1,-1,21,-1,21,-1,21,21,20,20,21,18,19,19,21
2,2012-05-06,-1,-1,-1,-1,19,21,-1,-1,-1,-1,21,21,21,21,19,21,20,20,18
2,2012-05-07,22,-1,20,-1,-1,-1,-1,-1,21,21,-1,-1,21,21,21,21,21,18,18
2,2012-05-08,25,-1,0,0,-1,26,-1,-1,21,-1,21,-1,25,12,25,14,24,18,22
2,2012-05-09,21,21,21,21,-1,-1,0,0,-1,-1,-1,-1,19,20,21,21,13,15,19
2,2012-05-10,-1,-1,-1,-1,-1,0,-1,21,-1,21,21,21,21,19,20,21,20,18,19
2,2012-05-11,-1,-1,-1,-1,-1,18,21,21,-1,-1,-1,21,19,21,21,18,20,19,20
2,2012-05-12,16,17,-1,19,-1,-1,-1,-1,-1,-1,21,20,21,-1,20,21,21,21,17
2,2012-05-13,21,-1,-1,-1,0,-1,21,-1,-1,21,-1,21,21,20,20,18,22,19,20
2,2012-05-14,22,22,-1,-1,21,-1,-1,0,-1,-1,-1,17,18,19,17,17,17,12,16
2,2012-05-15,-1,0,-1,-1,0,0,0,20,21,-1,20,19,18,18,15,20,21,16,16
2,2012-05-16,-1,-1,-1,-1,-1,-1,0,0,21,21,21,21,16,26,21,16,23,14,20
2,2012-05-17,13,0,0,14,0,0,0,0,0,0,22,16,22,21,17,17,17,18,16
2,2012-05-18,19,-1,-1,0,0,0,-1,21,-1,-1,21,21,21,21,17,17,18,16,16
2,2012-05-19,26,21,21,0,0,-1,21,-1,-1,21,-1,-1,-1,14,18,21,23,20,13
2,2012-05-20,-1,-1,-1,-1,-1,-1,-1,-1,21,23,21,21,21,21,21,19,20,21,18
2,2012-05-21,-1,-1,-1,-1,-1,-1,-1,21,21,-1,21,21,20,20,21,15,19,16,18
2,2012-05-22,15,-1,-1,-1,16,26,-1,-1,-1,-1,-1,26,17,21,21,17,25,18,23
2,2012-05-23,0,0,22,-1,-1,-1,-1,24,23,-1,-1,24,25,25,24,18,19,18,17
2,2012-05-24,21,21,-1,-1,-1,-1,21,-1,-1,21,-1,21,-1,20,15,16,20,18,19
2,2012-05-25,21,-1,-1,-1,-1,-1,-1,-1,-1,21,23,21,20,21,21,21,17,17,20
2,2012-05-26,-1,-1,-1,-1,-1,-1,-1,-1,21,21,21,26,21,22,23,21,21,19,16
2,2012-05-27,-1,-1,-1,-1,14,26,-1,26,-1,-1,-1,24,15,25,23,19,24,23,23
2,2012-05-28,0,0,20,-1,-1,-1,-1,-1,21,22,21,-1,25,21,25,26,18,19,17
2,2012-05-29,19,21,19,20,20,21,-1,-1,0,0,-1,21,-1,-1,21,-1,21,21,19
2,2012-05-30,21,0,-1,21,-1,0,-1,-1,-1,-1,21,18,21,19,21,20,20,16,18
2,2012-05-31,-1,-1,0,-1,-1,0,-1,-1,21,20,21,24,21,21,18,19,20,16,19
2,2012-06-01,-1,-1,0,0,-1,29,-1,29,-1,28,-1,29,23,29,29,24,31,25,27
2,2012-06-02,-1,-1,-1,25,-1,-1,-1,-1,-1,29,30,29,28,32,29,29,29,23,23
2,2012-06-03,28,28,-1,-1,-1,-1,-1,-1,29,-1,-1,29,28,29,29,31,26,23,23
2,2012-06-04,29,-1,-1,-1,29,-1,-1,28,-1,-1,-1,32,25,32,26,29,28,30,24
2,2012-06-05,29,29,30,-1,-1,-1,-1,-1,-1,-1,-1,28,28,28,29,24,23,27,23
2,2012-06-06,-1,-1,-1,-1,0,-1,31,-1,31,-1,31,30,30,31,31,21,30,21,25
2,2012-06-07,-1,-1,-1,-1,26,28,-1,-1,-1,-1,29,29,29,29,27,29,28,28,25
2,2012-06-08,26,27,-1,28,-1,-1,-1,-1,-1,28,28,-1,-1,29,28,29,29,28,23
2,2012-06-09,29,-1,-1,-1,-1,29,-1,-1,29,-1,28,-1,28,23,29,28,28,26,27
2,2012-06-10,29,28,-1,-1,-1,-1,-1,-1,-1,-1,29,27,28,29,28,29,25,26,26
2,2012-06-11,-1,-1,-1,-1,-1,-1,-1,33,-1,29,28,29,29,27,28,29,29,26,26
2,2012-06-12,-1,-1,-1,-1,-1,-1,-1,25,29,28,-1,29,24,29,29,26,28,27,28
2,2012-06-13,27,-1,31,-1,-1,-1,-1,-1,-1,33,31,29,-1,31,33,32,32,22,20
2,2012-06-14,32,-1,-1,-1,-1,-1,33,-1,-1,33,-1,29,29,30,31,23,30,22,26
2,2012-06-15,32,32,32,0,-1,32,-1,-1,-1,-1,-1,-1,26,31,32,30,31,20,21
2,2012-06-16,-1,-1,-1,-1,-1,-1,-1,29,29,-1,29,29,29,29,28,27,28,23,20
2,2012-06-17,-1,-1,-1,-1,0,-1,29,29,-1,28,-1,29,20,29,29,23,28,29,27
2,2012-06-18,23,25,-1,-1,26,-1,-1,-1,-1,-1,-1,29,27,29,28,28,29,28,29
2,2012-06-19,-1,28,-1,-1,-1,-1,-1,29,-1,-1,28,29,29,29,27,28,26,23,26
2,2012-06-20,29,29,-1,-1,-1,29,-1,-1,-1,28,-1,-1,29,26,28,26,27,28,23
2,2012-06-21,-2,-1,-1,-1,-1,-1,-1,-1,28,28,28,29,28,29,29,24,26,27,23
2,2012-06-22,-1,-1,-1,-1,-1,-1,-1,29,-1,29,29,28,28,28,29,26,27,28,26
2,2012-06-23,-1,26,-1,28,28,-1,-1,-1,-1,-1,-1,26,29,29,29,27,29,28,28
2,2012-06-24,28,-1,-1,-1,-1,-1,-1,28,28,-1,-1,29,29,29,29,26,31,24,23
2,2012-06-25,26,29,27,29,28,29,28,28,29,-1,-1,-1,-1,-1,-1,-1,23,28,-1
2,2012-06-26,29,28,28,29,29,29,29,26,29,27,25,-1,-1,-1,-1,-1,-1,-1,-1
2,2012-06-27,-1,-1,-1,-1,-1,-1,29,-1,33,-1,33,29,32,32,33,22,27,23,28
2,2012-06-28,-1,23,-1,-1,-1,28,-1,-1,-1,-1,29,26,29,29,27,29,24,28,29
2,2012-06-29,-1,-1,28,-1,-1,-1,-1,28,-1,-1,28,29,29,29,29,26,27,27,23
2,2012-06-30,29,-1,-1,-1,-1,29,-1,-1,29,-1,29,28,-1,26,28,24,28,26,27
2,2012-07-01,30,-1,-1,-1,-1,-1,-1,-1,-1,31,31,29,31,30,31,31,26,28,29
2,2012-07-02,30,-1,-2,-1,-1,-1,-1,-1,-1,31,31,31,31,30,30,31,29,26,27
2,2012-07-03,-1,-1,-1,29,-1,-1,-1,31,30,-2,-1,31,30,31,31,29,31,29,30
2,2012-07-04,-1,-1,30,-1,-1,-1,-1,-1,31,30,30,-1,31,31,31,31,29,32,27
2,2012-07-05,31,30,-1,31,-1,-1,-1,-1,31,-1,-1,31,-1,31,30,29,27,28,31
2,2012-07-06,-1,-1,31,-1,-1,30,-1,-1,-1,-1,31,31,31,30,30,32,31,28,28
2,2012-07-07,-1,-1,-1,-1,-1,-1,-1,-1,31,31,31,31,31,31,30,33,30,29,27
2,2012-07-08,-1,-1,-1,-1,31,-1,-1,-1,31,31,-1,31,26,31,31,30,28,28,29
2,2012-07-09,-1,-1,-1,-1,-1,28,-1,-1,-1,29,31,31,30,31,30,31,31,26,27
2,2012-07-10,30,-1,31,-1,-1,-1,-1,-1,31,-1,-1,30,31,31,31,29,28,26,29
2,2012-07-11,-1,31,-1,-1,31,-1,-1,-1,30,-1,-1,27,31,31,31,28,29,30,28
2,2012-07-12,31,30,-1,-1,-1,-1,-1,-1,-1,-1,30,31,30,35,35,29,32,30,28
2,2012-07-13,-1,-1,-1,-1,-1,31,-1,-1,-1,31,31,30,30,31,31,29,29,27,28
2,2012-07-14,-1,-1,-1,30,-1,27,-1,-1,-1,-1,31,28,31,31,31,29,30,31,26
2,2012-07-15,27,28,29,-1,-1,30,-1,-1,-1,-1,30,31,-2,-2,31,31,31,31,26
2,2012-07-16,35,-1,-1,-1,-1,35,-1,-1,-1,35,34,-1,26,33,33,32,26,28,31
2,2012-07-17,31,31,-1,-1,-1,-1,-1,-1,-1,-1,31,32,30,30,30,31,24,25,27
2,2012-07-18,-1,-1,-1,-1,-1,-1,-1,-1,33,33,33,34,34,32,32,32,28,23,25
2,2012-07-19,-1,-1,-1,-1,-1,26,31,-1,31,-1,-1,27,31,31,31,31,28,29,30
2,2012-07-20,29,-1,-1,-1,-1,-1,-1,-1,30,31,30,-1,29,31,31,31,31,30,26
2,2012-07-21,31,-1,-1,-1,-1,31,-1,-1,-1,-1,31,31,30,30,31,29,26,27,28
2,2012-07-22,30,32,34,36,35,31,-1,31,-1,-1,-1,-1,-1,-1,-1,27,28,25,25
2,2012-07-23,-1,-1,-1,-1,-1,-1,-1,32,29,-1,32,30,31,30,26,28,29,26,25
2,2012-07-24,-1,-1,-1,-1,-1,-1,-1,30,28,28,-1,26,28,31,31,31,27,29,30
2,2012-07-25,23,-1,24,-1,27,-1,-1,-1,-1,-1,-1,31,28,30,31,30,30,30,30
2,2012-07-26,32,-1,-1,-1,-1,-1,33,-1,-1,-1,33,33,34,34,31,31,28,25,25
2,2012-07-27,34,-1,34,-1,34,-1,-1,-1,-1,34,-1,-1,34,33,27,29,32,33,26
2,2012-07-28,-1,-1,-1,-1,-1,-1,-1,-1,30,31,31,31,31,31,31,27,31,29,25
2,2012-07-29,-2,-1,-1,-1,-1,-1,-1,-1,31,31,31,30,30,31,31,29,26,27,28
2,2012-07-30,27,-1,-1,31,-1,-1,29,-1,-1,-1,-1,31,31,31,31,31,30,30,31
2,2012-07-31,34,-1,-1,-1,-1,-1,-1,35,31,-1,-1,31,31,36,36,29,33,27,26
2,2012-08-01,31,31,31,-1,-1,-1,31,-1,-1,-1,-1,31,30,-1,27,30,25,29,29
2,2012-08-02,30,-1,-1,-1,-1,-1,-1,-1,-1,29,31,31,31,30,31,31,24,26,30
2,2012-08-03,-1,-1,-1,-1,-1,-1,-1,-1,30,31,31,31,31,29,30,31,27,25,26
2,2012-08-04,-1,-1,-1,-1,25,-1,31,-1,30,-1,-1,26,31,31,31,31,27,29,30
2,2012-08-05,-1,-1,-1,-1,-1,-1,-1,29,30,31,30,-1,31,30,31,31,27,26,25
2,2012-08-06,30,-1,31,-1,-1,-1,31,-1,-1,-1,-2,31,30,30,30,28,25,26,27
2,2012-08-07,31,-1,30,-1,-1,-1,-1,-1,-1,-1,31,31,27,31,29,30,30,25,26
2,2012-08-08,30,-1,-1,-1,-1,-1,-1,-1,-1,31,31,31,31,31,27,29,30,28,27
2,2012-08-09,-1,-1,-1,-1,31,-1,-1,-1,31,30,-1,25,31,31,31,30,26,29,29
2,2012-08-10,-1,-1,28,-1,-1,-1,-1,-1,-1,30,35,31,30,35,32,33,34,27,25
2,2012-08-11,26,29,30,-1,32,-1,-1,-1,-1,33,-1,-1,-1,29,33,32,28,23,25
2,2012-08-12,-1,-1,34,33,-1,-1,-1,-1,33,-1,-1,26,34,34,32,26,30,32,25
2,2012-08-13,30,-1,-1,-1,-1,-1,-1,-1,-1,31,31,30,31,31,31,26,27,31,25
2,2012-08-14,-1,-1,-1,-1,-1,-1,-1,34,-1,31,31,30,30,34,34,29,26,27,29
2,2012-08-15,-1,-1,-1,-1,26,-1,-1,30,-1,-1,27,31,31,31,31,29,30,31,25
2,2012-08-16,29,-1,30,-1,-1,-1,-1,-1,31,30,-1,-1,31,31,31,31,27,26,25
2,2012-08-17,31,-1,-1,-1,31,-1,-1,-1,-1,31,30,-1,34,31,26,33,27,29,32
2,2012-08-18,30,31,31,31,31,30,31,-1,-1,-1,-1,-1,-1,-1,-1,32,24,26,29
2,2012-08-19,-1,-1,-1,-1,-1,-1,-1,-1,31,30,31,31,31,32,30,31,28,25,24
2,2012-08-20,-1,-1,-1,-1,25,-1,-1,31,30,-1,-1,24,31,31,31,31,27,29,30
2,2012-08-21,24,28,-1,29,-1,-1,-1,-1,-1,-1,30,31,30,-1,31,31,31,31,23
2,2012-08-22,-1,31,-1,-1,-1,31,-1,-1,-1,-1,31,31,30,31,30,29,25,26,30
2,2012-08-23,31,-1,31,30,-1,-1,-1,-1,-1,-1,-1,31,31,27,29,30,30,25,26
2,2012-08-24,-1,-1,-1,-1,-1,-1,-1,30,-2,30,30,31,31,31,27,29,30,26,25
2,2012-08-25,-1,-1,-1,-1,-1,-1,-1,31,31,30,-1,26,31,31,31,30,27,30,29
2,2012-08-26,24,-1,-1,-1,-1,28,-1,-1,-1,-1,27,31,31,30,31,30,31,31,24
2,2012-08-27,29,-1,-1,-1,-1,-1,30,-1,-1,-1,31,31,31,31,26,28,25,23,24
2,2012-08-28,31,32,32,-1,-1,31,-1,-1,-1,-1,31,-1,-1,28,31,26,27,30,25
2,2012-08-29,-1,-1,-1,-1,-1,-1,-1,-1,32,30,31,31,34,34,35,26,28,29,25
2,2012-08-30,-1,-1,-1,-1,-1,-1,-1,-1,31,31,31,30,30,31,31,31,27,25,26
2,2012-08-31,-1,-1,25,-1,28,-1,30,-1,-1,-1,-1,28,31,31,31,31,30,33,31
2,2012-09-01,-1,-1,-1,-1,-1,-1,24,25,25,-1,-1,26,26,26,26,21,22,22,22
2,2012-09-02,26,-1,26,-1,-1,26,-1,-1,-1,-1,26,26,-1,25,24,21,21,22,23
2,2012-09-03,26,-1,-1,-1,-1,-1,-1,-1,-1,26,26,23,26,24,25,26,21,21,22
2,2012-09-04,-1,-1,-1,-1,-1,-1,-1,-1,26,25,26,26,26,23,24,25,22,24,21
2,2012-09-05,-1,-1,-1,26,23,-1,-1,-1,25,-1,-1,23,29,26,26,27,24,26,26
2,2012-09-06,-1,24,-1,-1,-1,-1,-1,-1,25,26,26,-1,29,26,27,26,23,23,23
2,2012-09-07,25,28,29,-1,29,-1,-1,-1,30,-1,-1,-1,-1,30,30,26,22,23,24
2,2012-09-08,-1,26,26,-1,-1,-1,-1,-1,-1,-1,22,26,26,26,25,28,25,21,21
2,2012-09-09,-1,-1,-1,-1,-1,-1,-1,-1,26,26,25,26,26,26,22,26,24,20,19
2,2012-09-10,-1,-1,-1,-1,-1,-1,26,-1,26,26,-1,22,25,26,26,24,22,23,26
2,2012-09-11,-1,-1,-1,25,-1,-1,-1,-1,-1,25,26,26,26,26,24,25,26,24,23
2,2012-09-12,24,-1,25,-1,-1,-1,-1,26,-1,-1,-1,25,26,26,26,23,22,24,21
2,2012-09-13,26,-1,-1,26,-1,-1,-1,-1,26,-1,-1,24,30,22,23,22,22,24,22
2,2012-09-14,29,28,30,29,26,-1,-1,-1,-1,-1,-1,-1,-1,24,27,21,21,22,20
2,2012-09-15,-1,-1,-1,-1,-1,-1,-1,29,-1,30,29,26,25,26,27,23,21,21,22
2,2012-09-16,-1,-1,-1,19,-1,-1,26,-1,-1,-1,20,27,27,26,26,21,24,25,19
2,2012-09-17,21,22,-1,25,-1,-1,-1,-1,-1,27,29,-1,-1,29,28,29,30,21,20
2,2012-09-18,-1,27,-1,-1,26,-1,-1,-1,-1,26,29,-1,19,28,27,25,19,20,22
2,2012-09-19,26,26,-1,-1,-1,-1,-1,-1,-1,-1,26,26,25,27,29,26,23,23,23
2,2012-09-20,-1,-1,-1,-1,-1,-1,23,-1,-1,26,25,25,25,24,21,23,23,21,22
2,2012-09-21,-1,-1,-1,-1,-1,-1,25,24,21,-1,-1,22,25,25,25,24,23,24,21
2,2012-09-22,21,-1,0,0,0,-1,-1,0,27,26,26,-1,23,26,25,30,26,21,21
2,2012-09-23,26,-1,-1,-1,-1,26,-1,-1,-1,-1,26,26,25,28,25,25,23,23,24
2,2012-09-24,26,26,26,-1,25,-1,-1,-1,-1,-1,-1,-1,23,26,22,24,25,21,21
2,2012-09-25,-1,-1,-1,-1,-1,-1,-1,25,-1,26,26,26,26,26,24,23,24,22,23
2,2012-09-26,-1,-1,-1,-1,-1,-1,-1,26,26,26,-1,24,25,26,26,24,24,25,26
2,2012-09-27,21,-1,21,-1,22,-1,-1,-1,-1,-1,-1,26,26,26,25,26,24,27,26
2,2012-09-28,-1,-1,-1,-1,-1,25,26,-1,-1,-1,26,26,26,26,24,23,25,21,21
2,2012-09-29,26,-1,26,-1,26,-1,-1,-1,-1,25,-1,-1,26,25,21,22,23,24,21
2,2012-09-30,-1,-1,-1,-1,-1,-1,-1,-1,26,26,27,26,25,26,26,23,25,26,23
2,2012-10-01,-1,-1,-1,-1,-1,-1,-1,21,-1,21,21,21,19,20,21,18,16,17,18
2,2012-10-02,-1,-1,17,21,17,-1,-1,-1,-1,-1,-1,18,22,22,21,21,18,20,21
2,2012-10-03,20,-1,-1,-1,-1,-1,-1,21,21,-1,-1,21,21,22,22,21,19,18,18
2,2012-10-04,20,21,21,-1,22,-1,-1,22,-1,-1,-1,-1,21,21,-1,15,16,18,21
2,2012-10-05,21,-1,-1,-1,-1,-1,-1,-1,-1,20,21,22,22,20,21,21,16,16,18
2,2012-10-06,-1,-1,-1,0,0,0,0,-1,21,21,22,22,21,20,20,21,17,17,17
2,2012-10-07,-1,-1,-1,-1,17,-1,21,-1,21,-1,-1,17,21,22,22,21,18,18,19
2,2012-10-08,-1,-1,19,-1,-1,-1,-1,-1,21,22,21,-1,22,23,25,22,17,17,16
2,2012-10-09,22,0,23,0,0,-1,22,-1,-1,-1,-1,22,21,21,21,21,17,20,20
2,2012-10-10,22,-1,21,-1,-1,-1,-1,-1,-1,-1,25,23,20,25,21,22,24,18,19
2,2012-10-11,21,21,22,21,22,21,-1,-1,-1,-1,-1,-1,-1,-1,21,21,22,17,17
2,2012-10-12,-1,-1,-1,-1,-1,-1,22,-1,21,21,-1,19,24,25,24,22,19,19,21
2,2012-10-13,-1,-1,21,-1,-1,-1,-1,-1,-1,22,22,21,21,22,23,21,21,17,17
2,2012-10-14,20,21,23,-1,-1,-1,-1,-1,21,-1,-1,-1,21,22,22,21,19,17,20
2,2012-10-15,-1,22,-1,21,-1,-1,-1,-1,21,-1,-1,17,22,21,21,18,22,20,17
2,2012-10-16,21,-1,-1,-1,-1,-1,-1,-1,-1,22,22,21,24,21,22,18,18,19,18
2,2012-10-17,-1,0,0,-1,-1,22,-1,-1,-1,22,21,21,20,23,25,16,17,17,18
2,2012-10-18,0,0,0,0,0,21,-1,17,-1,-1,18,22,22,21,25,16,19,23,17
2,2012-10-19,16,-1,0,20,0,-1,-1,0,23,21,-1,-1,22,25,22,22,18,17,17
2,2012-10-20,25,0,-1,-1,22,-1,-1,-1,-1,25,24,-1,22,24,15,19,18,18,17
2,2012-10-21,22,22,21,-1,0,0,0,0,-1,-1,-1,20,22,17,24,21,13,14,15
2,2012-10-22,-1,-1,0,-1,-1,-1,25,-1,-1,21,22,22,22,16,19,22,16,19,18
2,2012-10-23,-1,-1,-1,-1,18,-1,-1,22,25,-1,-1,18,25,22,22,22,19,19,20
2,2012-10-24,14,14,15,0,17,-1,-1,0,-1,0,0,19,22,21,-1,22,22,25,22
2,2012-10-25,0,0,0,0,25,22,-1,-1,-1,-1,22,21,21,22,20,17,17,15,15
2,2012-10-26,22,-1,21,21,0,-1,-1,-1,-1,-1,-1,22,21,21,21,21,24,20,17
2,2012-10-27,-1,-1,-1,-1,-1,-1,-1,20,-1,24,24,21,22,22,21,22,22,17,17
2,2012-10-28,-1,-1,-1,-1,-1,-1,24,-1,23,21,-1,14,21,21,23,19,15,16,18
2,2012-10-29,0,17,-1,18,0,0,0,-1,-1,0,19,20,21,22,22,20,21,22,17
2,2012-10-30,21,0,0,0,0,0,18,-1,-1,0,18,20,19,19,20,19,18,17,17
2,2012-10-31,21,19,20,0,21,0,20,0,0,0,-1,20,-1,-1,17,17,17,17,17
2,2012-11-01,-1,-1,-1,-1,-1,-1,-1,-1,18,17,17,17,16,17,17,16,17,18,14
2,2012-11-02,-1,-1,-1,0,-1,0,-1,-1,17,17,17,17,15,16,17,17,17,17,17
2,2012-11-03,-1,-1,17,-1,14,-1,17,-1,-1,-1,-1,18,17,17,17,17,18,19,16
2,2012-11-04,-1,15,-1,-1,-1,-1,-1,16,17,-1,-1,17,17,17,17,15,14,14,13
2,2012-11-05,17,-1,17,-1,-1,17,-1,-1,-1,-1,17,17,-1,16,15,13,14,14,15
2,2012-11-06,17,-1,-1,-1,-1,-1,-1,-1,-1,17,17,15,17,15,16,17,17,14,14
2,2012-11-07,20,20,17,-1,-1,-1,-1,-1,-1,-1,-1,16,17,12,13,15,12,13,12
2,2012-11-08,0,0,0,0,0,19,-1,19,-1,-1,14,19,19,19,14,17,15,15,12
2,2012-11-09,0,12,0,0,-1,0,0,0,14,17,17,-1,17,17,19,20,11,11,10
2,2012-11-10,16,19,17,0,0,0,0,17,-1,0,0,-1,17,17,17,15,15,15,15
2,2012-11-11,17,-1,17,-1,-1,-1,-1,-1,-1,-1,14,17,17,17,15,15,16,13,14
2,2012-11-12,-1,-1,-1,-1,-1,-1,-1,-1,17,17,16,17,17,17,14,15,15,14,14
2,2012-11-13,-1,-1,-1,-1,17,-1,-1,-1,17,17,-1,17,19,20,20,19,14,18,18
2,2012-11-14,0,-1,-1,-1,-1,-1,16,-1,-1,17,17,17,17,17,17,18,20,15,15
2,2012-11-15,15,-1,-1,-1,15,-1,-1,15,-1,-1,-1,16,15,16,16,15,15,15,15
2,2012-11-16,15,-1,-1,15,0,-1,-1,-1,16,-1,-1,15,15,15,15,15,15,15,15
2,2012-11-17,17,20,-1,-1,-1,-1,-1,-1,0,-1,18,19,17,18,19,17,17,17,16
2,2012-11-18,0,0,0,0,0,19,-1,-1,-1,19,20,20,17,17,18,16,17,17,17
2,2012-11-19,-1,-1,-1,15,-1,-1,20,-1,-1,-1,15,18,18,19,18,16,16,17,15
2,2012-11-20,17,17,17,17,-1,17,-1,-1,-1,-1,-1,18,17,-1,-1,17,18,20,17
2,2012-11-21,-1,-1,-1,19,20,-1,-1,-1,-1,17,17,-1,17,17,17,17,17,17,17
2,2012-11-22,17,17,-1,0,0,0,0,-1,-1,-1,17,20,15,17,18,19,13,14,13
2,2012-11-23,-1,-1,0,0,0,0,-1,-1,20,20,17,17,17,16,16,18,16,16,16
2,2012-11-24,-1,0,-1,-1,-1,10,20,-1,20,-1,-1,14,20,17,20,17,11,12,14
2,2012-11-25,13,-1,0,0,0,0,0,0,13,17,17,-1,12,17,17,20,20,13,13
2,2012-11-26,20,0,0,0,0,17,-1,0,0,-1,17,17,17,17,14,14,13,14,14
2,2012-11-27,18,20,17,0,17,17,0,0,0,0,-1,-1,-1,14,15,15,16,15,15
2,2012-11-28,-1,-1,-1,-1,-1,-1,-1,16,-1,17,17,17,17,17,14,15,15,17,17
2,2012-11-29,0,0,0,0,0,0,-1,20,20,19,-1,12,15,16,18,14,13,14,14
2,2012-11-30,10,0,11,0,13,0,-1,0,-1,-1,0,13,19,20,20,18,14,14,16
2,2012-12-01,14,0,0,0,0,0,11,-1,-1,0,10,11,11,11,13,9,8,8,12
2,2012-12-02,11,0,11,0,11,0,0,0,0,10,-1,-1,11,10,12,12,9,13,8
2,2012-12-03,0,0,0,0,0,0,0,0,11,10,7,11,8,10,10,7,7,7,7
2,2012-12-04,11,11,-1,0,0,0,10,0,0,0,0,11,13,13,15,12,8,8,8
2,2012-12-05,9,0,0,0,0,14,0,0,0,0,9,14,15,11,10,13,8,8,10
2,2012-12-06,7,0,0,0,0,0,0,8,10,0,0,11,10,11,12,6,6,5,6
2,2012-12-07,10,14,14,0,0,0,14,0,0,0,0,13,12,0,9,7,8,9,9
2,2012-12-08,11,0,0,0,0,0,0,0,0,6,12,12,11,7,8,10,6,5,5
2,2012-12-09,0,0,0,0,0,0,0,0,8,11,12,12,11,5,9,11,6,6,7
2,2012-12-10,0,0,0,13,10,0,0,0,13,0,0,9,12,13,14,11,9,9,9
2,2012-12-11,0,0,0,0,0,5,0,0,9,10,10,0,11,11,12,10,5,5,5
2,2012-12-12,11,0,7,0,0,0,8,0,0,0,0,11,11,8,10,9,8,8,9
2,2012-12-13,12,0,13,0,0,0,0,0,0,0,12,13,7,9,7,7,11,7,7
2,2012-12-14,10,-1,0,0,0,0,0,0,0,15,11,14,11,11,8,9,9,8,8
2,2012-12-15,0,0,0,0,11,0,0,-1,11,10,-1,8,10,15,11,9,8,8,9
2,2012-12-16,-1,-1,8,-1,-1,-1,-1,-1,-1,8,11,11,10,11,9,10,11,7,8
2,2012-12-17,8,8,9,9,10,0,0,0,0,0,11,-1,0,0,10,11,11,11,8
2,2012-12-18,0,14,0,13,0,0,0,0,14,0,0,9,14,13,10,9,9,10,9
2,2012-12-19,10,0,0,0,0,0,0,0,0,11,11,10,10,10,10,9,11,11,8
2,2012-12-20,0,0,0,0,0,12,0,0,0,12,12,12,8,10,11,8,7,8,8
2,2012-12-21,0,0,0,0,9,13,0,0,0,0,9,12,11,12,11,9,9,10,9
2,2012-12-22,8,0,9,0,0,0,0,0,11,10,0,0,12,11,12,13,8,8,7
2,2012-12-23,11,0,0,0,11,0,0,0,0,11,10,0,7,11,13,9,5,6,7
2,2012-12-24,11,11,10,-1,0,0,0,11,0,0,0,0,11,12,10,11,11,10,10
2,2012-12-25,0,0,0,0,0,0,11,-1,-1,10,11,11,11,9,9,10,8,8,8
2,2012-12-26,0,0,0,0,8,0,-1,11,10,-1,-1,11,11,11,11,10,12,9,9
2,2012-12-27,8,8,0,12,0,-1,0,0,0,0,12,11,10,-1,11,10,11,11,8
2,2012-12-28,0,14,0,0,0,14,-1,0,0,-1,13,14,10,13,11,10,10,10,10
2,2012-12-29,14,0,14,14,0,0,0,0,0,0,0,14,13,9,9,11,12,7,8
2,2012-12-30,0,0,0,0,0,0,0,10,0,12,11,14,15,11,5,6,8,6,7
2,2012-12-31,14,0,0,0,0,0,0,0,0,15,14,11,13,14,9,7,8,8,9
3,2012-01-01,12,11,11,0,7,6,9,11,0,12,0,2,0,7,6,0,0,0,0
3,2012-01-02,0,10,0,11,9,0,14,9,10,10,9,9,9,9,0,0,0,0,0
3,2012-01-03,10,6,9,9,0,7,10,14,12,9,10,10,0,0,0,0,0,0,0
3,2012-01-04,0,0,0,9,13,0,9,10,10,11,12,5,7,6,7,0,0,0,0
3,2012-01-05,9,5,6,0,9,0,0,14,14,14,10,7,8,12,0,0,0,0,0
3,2012-01-06,0,8,9,0,8,0,7,0,0,8,9,9,0,8,0,8,8,0,8
3,2012-01-07,9,8,8,8,7,8,7,6,7,7,5,0,0,0,0,0,0,0,0
3,2012-01-08,9,11,0,9,0,0,10,10,9,7,8,6,6,6,0,0,0,0,0
3,2012-01-09,7,0,7,6,0,0,0,6,0,0,0,6,6,10,5,5,6,6,0
3,2012-01-10,9,9,8,8,9,9,0,0,0,7,0,0,0,7,0,0,7,7,7
3,2012-01-11,8,7,7,8,8,8,0,9,0,0,6,0,7,6,6,0,0,0,0
3,2012-01-12,11,11,5,0,0,7,10,12,11,12,4,5,6,0,0,0,0,0,0
3,2012-01-13,10,9,9,0,12,12,14,8,11,9,8,9,0,0,0,0,0,0,0
3,2012-01-14,6,0,0,8,0,6,7,10,7,8,7,3,3,7,0,0,0,0,0
3,2012-01-15,6,0,0,6,7,7,9,7,10,6,6,7,2,0,0,0,0,0,0
3,2012-01-16,7,9,8,10,10,10,9,10,10,0,0,0,6,6,0,0,0,0,0
3,2012-01-17,10,10,5,10,10,10,9,7,6,2,7,0,0,0,0,0,0,0,0
3,2012-01-18,0,8,6,6,8,0,9,6,8,5,9,6,8,0,0,0,0,0,0
3,2012-01-19,0,12,11,10,7,0,13,13,8,12,8,7,10,0,0,0,0,0,0
3,2012-01-20,13,9,13,0,13,5,13,13,6,8,7,7,0,0,0,0,0,0,0
3,2012-01-21,5,0,0,0,0,7,9,10,0,9,10,10,10,5,0,0,2,4,0
3,2012-01-22,10,10,9,10,10,9,8,9,7,0,5,0,6,0,0,0,0,0,0
3,2012-01-23,11,9,9,13,14,14,14,9,0,9,6,9,0,0,0,0,0,0,0
3,2012-01-24,9,0,0,0,13,0,13,9,0,11,10,12,10,7,8,9,0,0,0
3,2012-01-25,5,0,10,6,6,8,6,7,7,4,4,4,0,0,0,0,0,0,0
3,2012-01-26,8,6,6,7,7,10,5,7,0,0,3,7,2,0,0,0,0,0,0
3,2012-01-27,7,8,7,8,7,7,8,7,6,6,7,0,0,0,0,0,0,0,0
3,2012-01-28,8,9,8,8,8,0,7,7,0,8,7,6,6,0,0,0,0,0,0
3,2012-01-29,8,0,7,7,4,0,8,0,8,8,7,6,0,0,5,0,5,0,0
3,2012-01-30,8,7,8,7,8,7,0,7,0,0,0,6,6,0,6,5,0,0,0
3,2012-01-31,10,10,10,10,10,5,4,5,8,0,4,5,0,0,0,0,0,0,0
3,2012-02-01,7,7,6,3,7,9,8,6,6,7,6,0,0,0,0,0,0,0,0
3,2012-02-02,8,7,8,8,0,8,0,8,8,0,0,6,6,6,5,0,0,0,0
3,2012-02-03,3,4,6,5,5,5,6,5,6,0,0,3,3,0,0,0,0,0,0
3,2012-02-04,3,2,4,5,5,3,4,2,0,0,0,2,1,0,1,0,0,0,0
3,2012-02-05,6,7,6,6,4,5,6,5,3,4,3,0,0,0,0,0,0,0,0
3,2012-02-06,5,6,1,7,8,8,8,0,8,8,8,8,0,0,0,0,0,0,0
3,2012-02-07,8,0,0,8,0,0,0,0,0,0,8,7,9,8,8,8,1,1,1
3,2012-02-08,0,4,0,0,0,0,0,0,0,4,4,5,4,3,4,3,2,3,3
3,2012-02-09,0,0,0,0,0,0,3,0,0,3,3,2,3,4,4,3,2,3,3
3,2012-02-10,0,0,0,0,0,6,0,0,0,6,4,4,4,4,6,5,5,5,5
3,2012-02-11,0,7,0,0,0,8,0,0,9,9,0,0,9,9,9,9,5,6,7
3,2012-02-12,0,4,0,5,0,0,0,0,5,0,0,4,1,3,7,2,3,1,1
3,2012-02-13,2,0,0,3,4,0,0,4,5,0,5,0,0,5,5,0,5,1,1
3,2012-02-14,0,0,0,0,0,0,8,0,0,3,4,4,8,8,8,7,1,1,1
3,2012-02-15,0,0,0,0,3,5,0,0,0,0,4,7,7,6,6,4,5,6,3
3,2012-02-16,5,0,0,5,0,0,0,5,0,0,0,5,7,5,8,7,6,6,7
3,2012-02-17,0,0,7,0,7,0,0,0,0,7,6,0,7,2,7,2,3,6,3
3,2012-02-18,12,0,0,12,12,0,0,0,0,0,0,10,11,11,12,4,7,7,5
3,2012-02-19,0,0,0,0,0,0,14,0,0,14,13,12,11,12,12,10,9,10,10
3,2012-02-20,0,12,0,0,0,0,0,0,0,9,12,9,11,11,12,10,9,10,10
3,2012-02-21,0,8,0,0,0,9,0,0,0,0,9,9,9,9,9,7,9,9,9
3,2012-02-22,0,0,0,12,0,12,0,0,0,0,12,12,11,11,9,10,9,9,9
3,2012-02-23,11,0,11,0,0,12,11,0,0,0,0,11,12,0,9,10,6,7,6
3,2012-02-24,0,0,0,0,0,0,0,8,0,7,8,8,14,7,8,6,5,10,6
3,2012-02-25,-1,0,0,0,0,0,8,-1,7,7,-1,8,8,8,8,7,9,6,6
3,2012-02-26,0,0,0,0,0,0,0,14,-1,8,8,7,11,11,12,11,7,8,9
3,2012-02-27,0,0,0,0,0,0,0,0,7,7,7,7,6,7,6,5,5,5,5
3,2012-02-28,0,9,0,0,9,0,8,0,0,0,8,8,0,5,6,8,9,6,6
3,2012-02-29,0,0,0,0,0,0,0,0,8,7,8,8,8,8,6,7,5,5,6
3,2012-03-01,0,14,0,0,0,0,0,0,0,15,15,14,13,14,14,11,9,9,12
3,2012-03-02,0,0,0,0,18,8,0,0,17,-1,-1,9,18,19,18,18,10,13,17
3,2012-03-03,0,0,-1,17,0,0,0,15,14,-1,-1,15,19,15,15,14,12,11,12
3,2012-03-04,12,0,0,12,12,0,0,0,0,14,17,15,-1,0,17,16,17,17,12
3,2012-03-05,14,0,0,0,0,0,0,0,0,11,14,14,12,13,13,10,13,9,9
3,2012-03-06,0,0,0,0,0,0,0,0,15,15,14,13,11,12,14,10,9,9,10
3,2012-03-07,0,0,0,0,0,12,0,0,0,12,11,11,14,11,12,13,8,11,12
3,2012-03-08,0,0,0,0,0,13,0,0,14,15,15,0,11,16,15,16,9,9,12
3,2012-03-09,0,14,0,0,0,11,0,15,0,0,0,12,16,16,11,10,10,10,10
3,2012-03-10,15,0,15,0,0,0,0,0,0,0,13,16,16,14,15,16,11,12,8
3,2012-03-11,14,0,0,15,0,15,0,16,16,0,11,0,11,0,0,13,9,11,12
3,2012-03-12,0,0,0,0,0,16,0,0,0,16,15,15,14,15,16,13,8,9,12
3,2012-03-13,0,0,0,12,0,0,0,0,0,13,16,11,11,16,14,11,15,10,11
3,2012-03-14,11,0,0,12,0,0,0,13,0,0,12,12,13,0,13,13,13,14,10
3,2012-03-15,16,0,0,15,0,0,0,0,15,-1,0,12,16,15,10,13,14,8,11
3,2012-03-16,0,18,17,0,-1,0,0,-1,0,0,15,15,19,19,14,17,12,13,13
3,2012-03-17,0,0,0,0,0,-1,15,-1,-1,15,15,14,15,18,19,12,10,11,11
3,2012-03-18,-1,0,-1,0,0,0,0,0,10,17,11,18,18,17,17,12,14,16,11
3,2012-03-19,0,13,0,0,-1,15,-1,0,0,14,15,14,-1,15,15,15,15,9,11
3,2012-03-20,0,0,0,19,-1,19,0,0,-1,19,14,-1,19,11,17,11,13,15,11
3,2012-03-21,17,0,18,0,0,18,19,0,0,0,17,-1,0,15,16,11,13,10,10
3,2012-03-22,-1,0,0,0,0,0,15,-1,-1,15,15,14,14,15,15,14,12,12,12
3,2012-03-23,0,0,0,0,0,10,15,0,14,-1,-1,11,15,15,15,15,12,13,14
3,2012-03-24,-1,-1,0,0,0,0,0,17,-1,19,15,14,15,15,15,12,14,13,13
3,2012-03-25,18,-1,-1,-1,0,0,0,0,0,18,18,19,19,17,10,15,11,11,13
3,2012-03-26,0,18,0,18,19,0,0,0,-1,18,-1,-1,15,16,17,18,12,13,12
3,2012-03-27,0,0,0,0,0,0,0,17,-1,16,16,16,16,15,16,13,10,10,11
3,2012-03-28,0,-1,-1,0,0,-1,0,0,17,17,18,17,11,18,17,16,12,12,14
3,2012-03-29,0,0,10,0,0,11,14,-1,-1,-1,-1,12,15,15,15,15,13,14,15
3,2012-03-30,0,0,-1,15,0,0,15,-1,-1,-1,14,15,15,15,14,13,12,13,13
3,2012-03-31,14,-1,15,0,17,0,0,0,15,-1,15,-1,-1,14,15,15,15,10,13
3,2012-04-01,-1,0,-1,0,0,-1,-1,0,14,21,15,17,15,18,12,12,10,11,12
3,2012-04-02,0,-1,0,0,0,0,0,18,-1,18,18,17,16,17,18,14,12,12,13
3,2012-04-03,0,0,0,0,-1,18,0,-1,18,17,-1,15,16,17,18,15,15,15,15
3,2012-04-04,0,0,0,17,-1,-1,-1,18,17,-1,-1,18,19,19,19,15,15,15,15
3,2012-04-05,16,0,0,-1,-1,16,-1,17,-1,-1,-1,18,17,17,15,15,15,16,15
3,2012-04-06,20,0,-1,0,0,0,-1,-1,-1,18,20,20,19,20,20,15,17,15,15
3,2012-04-07,15,-1,-1,14,15,0,0,14,0,14,16,0,-1,-1,14,13,12,12,12
3,2012-04-08,0,0,0,0,15,0,0,0,15,14,0,13,14,13,15,14,10,11,13
3,2012-04-09,0,0,0,16,0,0,0,0,16,17,17,0,17,17,17,17,13,14,15
3,2012-04-10,15,0,11,0,0,0,0,13,0,14,12,0,0,13,14,14,14,13,10
3,2012-04-11,16,0,14,0,0,0,0,0,0,0,14,16,17,15,16,17,12,13,13
3,2012-04-12,0,18,-1,0,-1,0,-1,0,0,18,19,19,19,16,17,14,12,12,13
3,2012-04-13,0,0,0,0,0,12,0,0,0,17,12,12,12,12,12,13,13,13,13
3,2012-04-14,0,-1,0,-1,0,0,0,12,-1,12,16,15,15,17,12,17,15,11,11
3,2012-04-15,0,14,0,0,0,15,0,0,15,17,-1,-1,17,16,16,16,12,13,13
3,2012-04-16,0,17,0,13,0,0,0,0,13,0,0,11,12,12,11,16,11,11,11
3,2012-04-17,17,12,0,0,12,0,12,0,0,0,0,0,12,12,15,16,13,10,14
3,2012-04-18,0,0,0,0,0,0,18,0,0,17,16,15,14,15,17,12,11,11,12
3,2012-04-19,0,0,0,0,12,15,0,-1,0,0,13,16,17,16,15,14,15,15,13
3,2012-04-20,-1,0,-1,0,0,0,0,18,18,18,-1,11,14,13,17,13,11,12,13
3,2012-04-21,0,0,0,0,0,0,20,19,-1,18,18,-1,19,14,19,14,16,18,13
3,2012-04-22,0,21,0,21,20,0,0,-1,-1,-1,-1,19,20,21,22,15,17,14,14
3,2012-04-23,0,-1,-1,0,0,0,17,-1,-1,18,18,19,16,16,16,15,14,14,14
3,2012-04-24,0,0,-1,-1,0,0,0,14,20,19,-1,14,19,20,20,18,14,16,18
3,2012-04-25,0,13,0,0,-1,15,0,-1,-1,-1,16,19,19,19,18,19,19,19,13
3,2012-04-26,0,0,0,17,0,17,-1,-1,-1,-1,17,17,17,16,15,16,16,17,19
3,2012-04-27,0,15,-1,16,-1,16,0,17,17,0,-1,-1,-1,17,17,16,14,17,14
3,2012-04-28,0,-1,-1,0,-1,-1,0,17,-1,17,17,17,17,16,16,15,13,13,14
3,2012-04-29,-1,0,0,-1,-1,0,17,-1,17,16,-1,13,16,17,17,16,13,14,15
3,2012-04-30,-1,0,0,-1,0,16,17,-1,16,-1,-1,13,17,17,17,16,14,15,16
3,2012-05-01,0,0,21,-1,-1,0,21,-1,-1,-1,21,21,21,21,20,19,16,19,21
3,2012-05-02,23,-1,-1,-1,24,-1,25,-1,-1,-1,25,24,-1,18,20,21,23,15,16
3,2012-05-03,-1,0,-1,0,-1,-1,-1,-1,22,23,22,23,23,23,19,21,14,15,17
3,2012-05-04,24,-1,-1,23,23,24,-1,0,0,23,-1,0,-1,22,22,20,14,15,17
3,2012-05-05,-1,0,0,25,-1,17,-1,-1,23,-1,-1,17,25,25,25,25,19,21,24
3,2012-05-06,-1,-1,-1,23,-1,-1,-1,25,24,-1,-1,23,25,25,25,21,18,19,20
3,2012-05-07,-1,20,22,-1,-1,-1,-1,23,-1,23,-1,-1,24,23,23,23,18,19,17
3,2012-05-08,21,0,-1,0,0,-1,-1,-1,-1,19,21,21,20,20,21,16,18,16,14
3,2012-05-09,0,-1,0,-1,-1,0,-1,-1,23,23,23,23,22,22,23,20,14,15,17
3,2012-05-10,-1,0,-1,-1,0,24,-1,-1,-1,25,24,24,22,23,23,21,16,18,19
3,2012-05-11,-1,-1,-1,-1,-1,0,-1,23,24,25,25,-1,25,25,25,21,17,18,20
3,2012-05-12,20,-1,-1,-1,21,-1,-1,-1,21,-1,-1,21,21,21,21,17,19,18,19
3,2012-05-13,21,-1,-1,-1,21,-1,-1,-1,-1,-1,19,21,21,21,24,25,17,18,15
3,2012-05-14,0,22,22,0,22,0,0,0,0,0,0,22,22,21,21,20,16,17,18
3,2012-05-15,0,0,0,0,0,21,0,-1,-1,22,22,21,17,17,22,16,16,17,18
3,2012-05-16,0,0,0,18,-1,-1,-1,-1,-1,23,23,22,22,16,19,21,21,17,16
3,2012-05-17,22,22,22,20,21,21,21,22,18,0,0,0,0,0,0,16,17,0,0
3,2012-05-18,22,16,18,17,17,18,20,17,21,17,21,-1,-1,-1,0,0,0,0,0
3,2012-05-19,21,21,21,20,21,21,16,20,14,17,19,-1,-1,-1,-1,0,0,0,0
3,2012-05-20,0,0,-1,0,25,-1,25,-1,-1,-1,23,24,24,17,21,18,18,20,19
3,2012-05-21,-1,-1,-1,-1,-1,21,-1,-1,-1,23,23,24,24,25,25,21,19,20,18
3,2012-05-22,0,-1,0,0,21,19,-1,-1,-1,19,-1,19,21,21,21,14,14,18,20
3,2012-05-23,20,0,-1,0,0,-1,20,-1,-1,-1,17,20,18,18,20,20,16,16,15
3,2012-05-24,-1,24,24,24,0,0,23,0,22,-1,-1,-1,-1,23,23,16,19,21,22
3,2012-05-25,-1,-1,-1,-1,-1,23,-1,23,23,-1,-1,23,23,23,22,17,15,18,20
3,2012-05-26,-1,-1,0,18,-1,-1,-1,-1,-1,21,23,23,22,19,19,20,21,17,18
3,2012-05-27,17,14,0,0,-1,-1,-1,-1,-1,21,21,-1,18,19,20,19,20,20,13
3,2012-05-28,0,21,-1,0,0,23,-1,23,-1,-1,-1,16,21,17,18,20,20,15,16
3,2012-05-29,0,23,-1,0,23,0,-1,-1,-1,-1,24,24,24,24,17,22,21,18,19
3,2012-05-30,0,-1,-1,0,0,24,-1,-1,23,23,-1,15,24,24,24,24,17,20,23
3,2012-05-31,23,20,-1,-1,-1,-1,-1,0,-1,0,19,21,25,23,25,23,24,25,18
3,2012-06-01,23,0,0,-1,-1,-1,24,-1,-1,25,29,28,-1,28,27,27,28,21,22
3,2012-06-02,-1,-1,29,-1,-1,29,-1,-1,-1,29,29,-1,22,29,27,23,24,26,21
3,2012-06-03,-1,30,-1,30,-1,31,30,-1,-1,-1,29,-1,-1,27,29,21,25,26,22
3,2012-06-04,-1,-1,-1,-1,-1,-1,26,-1,-1,28,29,30,22,26,26,26,23,23,25
3,2012-06-05,-1,-1,-1,-1,-1,29,-1,23,29,-1,-1,29,25,29,29,29,26,27,28
3,2012-06-06,-1,-1,0,0,0,25,20,0,25,-1,-1,25,26,29,29,26,26,24,26
3,2012-06-07,-1,-1,-1,-1,30,31,-1,-1,-1,-1,30,30,29,30,23,29,24,25,27
3,2012-06-08,29,-1,29,-1,-1,29,-1,-1,-1,28,-1,-1,29,31,32,29,26,26,27
3,2012-06-09,-1,-1,-1,-1,-1,-1,-1,-1,29,28,33,29,29,26,31,29,27,28,30
3,2012-06-10,-1,-1,-1,-1,-1,-1,-1,-1,29,29,32,31,24,31,31,29,24,27,27
3,2012-06-11,-1,24,-1,25,-1,-1,-1,-1,-1,-1,31,27,30,29,28,30,30,29,29
3,2012-06-12,0,0,0,0,0,0,30,0,0,30,30,30,30,30,24,29,25,27,28
3,2012-06-13,0,0,0,23,0,25,23,0,0,0,25,30,29,30,0,30,30,30,30
3,2012-06-14,-1,-1,-1,-1,-1,-1,-1,-1,26,26,27,26,27,27,24,23,25,25,23
3,2012-06-15,0,-1,-1,-1,0,-1,-1,27,27,27,-1,26,27,27,23,26,25,26,25
3,2012-06-16,-1,-1,-1,-1,-1,-1,29,-1,28,28,-1,29,23,29,29,28,21,24,27
3,2012-06-17,-1,0,0,29,-1,-1,-1,30,30,-1,-1,30,30,31,30,20,22,26,28
3,2012-06-18,31,-1,-1,-1,31,-1,-1,31,-1,-1,-1,31,31,31,23,26,28,30,21
3,2012-06-19,-1,32,-1,-1,-1,-1,-1,-1,-1,29,30,29,31,31,30,22,28,29,25
3,2012-06-20,-1,29,29,-1,29,-1,-1,28,-1,-1,-1,-1,24,29,29,28,25,28,27
3,2012-06-21,-1,-1,-1,-1,29,-1,29,-1,-1,28,-1,28,29,29,23,28,24,26,27
3,2012-06-22,-1,-1,-1,-1,-1,-1,-1,32,30,31,-1,30,32,31,32,31,24,26,28
3,2012-06-23,-1,29,-1,-1,28,-1,-1,-1,29,32,-1,-1,30,29,33,33,29,25,26
3,2012-06-24,32,-1,-1,-1,-1,32,-1,-1,-1,-1,32,28,32,28,30,31,26,25,27
3,2012-06-25,29,-1,-1,-1,-1,-1,-1,-1,-1,33,33,29,29,26,28,29,27,28,30
3,2012-06-26,-1,-1,-1,-1,-1,-1,30,-1,30,31,-1,29,23,29,31,28,24,25,27
3,2012-06-27,-1,28,-1,-1,-1,-1,-1,-1,-1,24,28,26,28,28,27,28,28,20,22
3,2012-06-28,-1,29,-1,-1,29,-1,-1,-1,30,30,-1,-1,30,31,31,31,21,23,26
3,2012-06-29,-1,-1,-1,29,-1,-1,29,-1,29,-1,-1,29,28,33,31,28,29,26,25
3,2012-06-30,-1,29,29,-1,29,-1,28,-1,-1,-1,-1,-1,29,29,27,25,28,27,26
3,2012-07-01,-1,-1,-1,-1,-1,35,-1,-1,35,35,-1,34,35,35,25,34,27,30,33
3,2012-07-02,-1,-1,-1,-1,31,-1,-1,-1,-1,31,30,31,31,30,35,32,33,34,29
3,2012-07-03,-1,-1,-1,28,-1,31,-1,29,-1,-1,-1,31,30,36,31,34,30,31,32
3,2012-07-04,-1,-1,35,-1,-1,-1,-1,35,-1,35,34,-1,35,33,28,27,29,31,26
3,2012-07-05,-1,35,-1,34,-1,-1,34,-1,-1,-1,-1,30,30,30,33,25,27,29,26
3,2012-07-06,-1,-1,-1,-1,-1,-1,-1,34,-1,35,34,33,26,31,32,31,26,27,27
3,2012-07-07,-1,-1,-1,-1,-1,-1,-1,32,25,31,-1,31,32,32,26,31,27,28,30
3,2012-07-08,-1,-1,26,34,-1,33,-1,-1,30,-1,-1,-1,34,31,34,33,32,33,24
3,2012-07-09,-1,31,30,35,-1,-1,-1,-1,-1,31,-1,31,-1,31,31,26,30,27,29
3,2012-07-10,-1,-1,-1,-1,31,25,-1,-1,28,31,-1,33,-1,35,34,35,36,34,35
3,2012-07-11,-1,29,-1,-1,-1,-1,-1,-1,-1,31,31,31,31,31,29,30,31,30,29
3,2012-07-12,31,28,-1,-1,-1,-1,-1,-1,33,32,32,-1,0,32,32,32,27,31,30
3,2012-07-13,0,32,33,33,31,0,0,0,0,0,32,0,0,35,27,32,28,34,33
3,2012-07-14,30,31,31,-1,-1,-1,31,-1,-1,-1,-1,-1,31,31,31,29,30,30,31
3,2012-07-15,-1,-1,-1,31,-1,-1,31,-1,31,-1,-1,31,31,29,29,30,31,30,29
3,2012-07-16,-1,-1,29,-1,-1,-1,-1,-1,-1,29,29,30,29,29,26,23,28,24,25
3,2012-07-17,26,-1,-1,32,-1,31,-1,-1,27,-1,-1,-1,31,27,27,31,27,26,29
3,2012-07-18,27,-1,28,-1,-1,-1,-1,-1,28,26,28,-1,-1,28,27,28,28,25,27
3,2012-07-19,-1,32,32,-1,-1,-1,-1,-1,-1,31,32,-1,32,31,33,27,26,28,31
3,2012-07-20,-1,35,-1,-1,33,-1,30,-1,-1,35,-1,35,-1,34,35,35,28,30,28
3,2012-07-21,-1,31,-1,-1,31,-1,-1,-1,-1,-1,31,34,35,35,31,29,31,33,29
3,2012-07-22,30,-1,-1,-1,-1,-1,-1,-1,-1,29,29,30,31,26,27,28,31,27,29
3,2012-07-23,32,30,-1,-1,-1,-1,-1,-1,-1,32,-1,32,31,31,23,32,31,27,29
3,2012-07-24,-1,-1,-1,-1,-1,-1,-1,-1,30,31,31,32,31,31,32,32,26,27,29
3,2012-07-25,32,-1,31,-1,-1,31,-1,-1,-1,-1,31,-1,32,32,32,26,27,29,30
3,2012-07-26,-1,-1,-1,28,-1,-1,29,-1,29,-1,-1,29,26,28,27,27,27,26,25
3,2012-07-27,28,-1,-1,-1,-1,29,-1,29,30,-1,-1,-1,30,30,23,28,29,25,26
3,2012-07-28,34,31,-1,-1,-1,-1,-1,-1,-1,34,-1,33,33,33,25,33,32,26,28
3,2012-07-29,-1,31,30,-1,-1,-1,29,-1,-1,-1,-1,31,31,31,30,31,31,26,27
3,2012-07-30,34,33,-1,-1,-1,25,-1,-1,-1,26,28,-1,-1,33,30,34,34,32,32
3,2012-07-31,-1,31,-1,-1,31,-1,-1,-1,-1,-1,32,32,32,27,31,29,30,25,24
3,2012-08-01,-1,-1,29,-1,30,-1,-1,-1,-1,-1,30,30,30,30,28,23,29,25,27
3,2012-08-02,-1,-1,32,29,-1,-1,-1,-1,-1,32,-1,33,33,31,23,32,30,25,27
3,2012-08-03,34,29,-1,-1,-1,-1,-1,-1,30,26,-1,-1,35,35,31,30,34,30,25
3,2012-08-04,-1,31,-1,-1,30,-1,-1,32,-1,-1,-1,31,30,30,31,34,31,25,26
3,2012-08-05,-1,31,30,-1,-1,-1,-1,-1,31,-1,31,-1,30,31,26,31,27,32,25
3,2012-08-06,31,-1,-1,25,-1,27,26,-1,29,-1,30,-1,31,31,-1,-1,30,31,31
3,2012-08-07,32,30,-1,-1,-1,-1,-1,-1,-1,31,-1,31,31,26,31,31,30,28,30
3,2012-08-08,28,31,31,-1,-1,-1,-1,-1,31,30,-1,-1,-1,33,25,34,26,32,30
3,2012-08-09,-1,33,31,-1,-1,23,-1,-1,-1,33,25,-1,-1,32,27,32,31,29,30
3,2012-08-10,30,26,30,-1,-1,29,-1,-1,-1,-1,-1,30,-1,30,29,23,28,24,25
3,2012-08-11,0,-1,32,32,-1,-1,-1,32,-1,0,31,0,30,31,32,32,27,26,28
3,2012-08-12,0,30,0,32,0,0,0,0,0,0,32,31,32,32,26,31,32,27,28
3,2012-08-13,25,27,0,0,31,31,0,0,0,0,0,0,30,30,31,30,29,24,23
3,2012-08-14,28,-1,30,29,-1,-1,-1,24,-1,24,-1,-1,-1,30,26,30,28,29,29
3,2012-08-15,-1,30,32,-1,0,0,-1,-1,32,-1,32,-1,32,32,33,27,32,27,28
3,2012-08-16,30,-1,33,-1,32,32,-1,-1,-1,-1,34,-1,-1,34,31,29,31,27,27
3,2012-08-17,32,-1,-1,-1,-1,-1,-1,-1,-1,30,30,31,31,32,28,24,29,25,26
3,2012-08-18,28,24,-1,-1,-1,-1,-1,-1,-1,31,31,30,-1,31,32,31,23,30,26
3,2012-08-19,-1,31,28,-1,-1,-1,-1,-1,-1,31,-1,30,30,30,25,31,30,26,25
3,2012-08-20,-1,-1,-1,-1,-1,-1,-1,30,31,-1,31,32,31,32,32,25,26,25,29
3,2012-08-21,-1,33,34,-1,-1,33,-1,-1,-1,33,-1,34,-1,34,24,26,29,32,25
3,2012-08-22,-1,-1,31,-1,30,-1,-1,-1,-1,-1,31,30,31,31,31,29,25,32,28
3,2012-08-23,29,-1,30,-1,-1,-1,31,-1,-1,-1,-1,31,31,25,31,31,30,26,30
3,2012-08-24,31,29,-1,-1,-1,-1,-1,-1,-1,31,-1,31,30,31,25,31,30,26,30
3,2012-08-25,-1,34,31,-1,-1,-1,-1,-1,-1,-1,31,30,30,31,31,31,27,26,29
3,2012-08-26,31,25,-1,26,-1,28,-1,-1,-1,-1,-1,31,32,30,29,31,31,-1,34
3,2012-08-27,31,31,31,-1,-1,-1,-1,-1,-1,31,31,31,30,29,26,25,28,-1,-1
3,2012-08-28,-1,31,-1,-1,-1,-1,-1,31,31,31,31,25,30,31,26,28,-1,-1,29
3,2012-08-29,-1,0,-1,-1,-1,-1,30,-1,29,29,25,29,28,26,28,-1,29,29,29
3,2012-08-30,-1,-1,-1,-1,-1,-1,25,-1,-1,31,32,31,28,31,31,25,26,31,30
3,2012-08-31,-1,27,-1,-1,-1,-1,30,29,-1,30,34,33,26,26,26,-1,-1,32,34
3,2012-09-01,-1,-1,-1,30,-1,26,-1,-1,30,23,25,24,25,22,20,-1,26,26,-1
3,2012-09-02,-1,-1,-1,-1,-1,24,-1,23,-1,25,27,26,27,27,27,27,28,-1,23
3,2012-09-03,-1,-1,-1,-1,-1,28,-1,28,27,-1,28,27,28,27,23,22,24,25,-1
3,2012-09-04,-1,-1,-1,-1,28,-1,-1,-1,-1,29,23,29,24,27,25,21,26,24,29
3,2012-09-05,0,21,-1,21,-1,-1,0,22,-1,27,23,28,26,23,24,-1,-1,28,25
3,2012-09-06,-1,27,-1,-1,-1,-1,-1,24,-1,27,26,21,22,20,21,21,22,27,-1
3,2012-09-07,26,-1,26,-1,-1,26,-1,-1,24,25,26,25,20,21,23,20,-1,-1,-1
3,2012-09-08,-1,-1,-1,-1,0,27,0,27,27,19,26,26,24,20,21,-1,27,23,-1
3,2012-09-09,-1,-1,-1,-1,-1,18,27,26,27,28,26,21,19,26,24,-1,-1,-1,27
3,2012-09-10,-1,21,-1,-1,-1,-1,-1,29,22,29,24,29,27,20,28,26,28,-1,-1
3,2012-09-11,-1,-1,-1,-1,-1,28,-1,28,-1,28,27,21,25,22,22,-1,23,29,28
3,2012-09-12,-1,28,-1,26,-1,29,-1,26,-1,29,25,27,23,22,24,-1,30,-1,-1
3,2012-09-13,-1,-1,-1,-1,-1,-1,26,26,24,26,19,25,26,20,20,25,24,-1,-1
3,2012-09-14,-1,-1,-1,-1,-1,27,23,23,-1,-1,22,23,23,19,21,23,24,19,-1
3,2012-09-15,-1,0,0,-1,-1,23,-1,24,22,27,24,19,22,20,23,-1,21,19,0
3,2012-09-16,-1,-1,-1,-1,-1,-1,22,-1,-1,26,27,26,23,27,21,21,22,23,24
3,2012-09-17,23,-1,-1,-1,-1,24,-1,24,-1,24,23,24,21,23,19,18,-1,24,-1
3,2012-09-18,0,-1,-1,0,-1,23,23,24,23,23,24,21,22,22,23,-1,0,24,0
3,2012-09-19,-1,-1,-1,-1,-1,-1,27,27,25,26,27,21,24,21,23,21,-1,-1,26
3,2012-09-20,-1,-1,-1,-1,-1,27,-1,26,-1,21,22,26,27,26,23,24,-1,25,27
3,2012-09-21,0,-1,-1,0,0,0,26,25,-1,26,27,27,21,22,23,24,-1,27,26
3,2012-09-22,19,0,21,0,-1,-1,26,25,-1,23,27,27,19,25,-1,28,20,0,0
3,2012-09-23,28,-1,-1,-1,-1,-1,-1,29,24,29,27,29,21,22,23,22,0,29,-1
3,2012-09-24,-1,-1,-1,-1,-1,-1,-1,26,26,26,26,29,23,26,27,24,24,-1,26
3,2012-09-25,-1,-1,-1,-1,-1,28,-1,28,28,28,23,28,26,22,23,-1,24,28,-1
3,2012-09-26,-1,-1,-1,-1,25,-1,-1,29,29,-1,26,30,30,23,24,24,26,29,-1
3,2012-09-27,-1,26,-1,-1,-1,-1,26,-1,26,26,26,21,22,25,26,-1,-1,26,26
3,2012-09-28,-1,-1,26,-1,26,-1,-1,26,23,26,24,25,22,21,22,-1,26,-1,-1
3,2012-09-29,22,-1,-1,25,-1,23,-1,24,-1,26,-1,26,21,21,26,-1,26,26,-1
3,2012-09-30,-1,-1,-1,-1,27,-1,-1,26,-1,28,21,29,21,25,23,24,-1,26,29
3,2012-10-01,-1,-1,-1,-1,-1,-1,0,-1,22,18,21,18,22,21,17,17,21,20,21
3,2012-10-02,0,19,19,0,0,21,-1,-1,-1,22,25,21,25,23,24,18,-1,0,24
3,2012-10-03,-1,24,-1,-1,-1,-1,24,-1,-1,24,18,24,20,21,17,17,24,22,-1
3,2012-10-04,24,0,-1,-1,-1,-1,-1,23,24,24,24,19,14,21,15,17,-1,-1,24
3,2012-10-05,24,-1,15,24,-1,0,0,-1,24,-1,-1,-1,23,16,24,21,24,18,16
3,2012-10-06,0,-1,0,0,-1,-1,19,17,0,25,16,25,25,24,15,-1,23,21,24
3,2012-10-07,21,22,21,22,18,-1,-1,-1,-1,18,-1,-1,22,21,20,20,17,-1,-1
3,2012-10-08,-1,18,-1,-1,23,22,15,-1,-1,17,22,-1,15,21,20,15,-1,-1,22
3,2012-10-09,18,25,18,19,0,22,22,-1,18,18,18,18,0,0,22,0,0,-1,-1
3,2012-10-10,20,20,17,-1,-1,21,-1,-1,-1,-1,-1,19,16,21,19,0,18,18,21
3,2012-10-11,23,19,21,23,-1,23,22,23,19,-1,-1,-1,-1,-1,-1,19,-1,19,19
3,2012-10-12,-1,22,18,21,-1,-1,-1,-1,22,20,20,19,-1,-1,-1,17,17,20,17
3,2012-10-13,19,19,0,19,0,-1,22,0,22,-1,22,-1,21,19,20,23,-1,0,23
3,2012-10-14,-1,-1,21,23,18,-1,-1,-1,-1,23,18,19,19,19,-1,24,23,-1,19
3,2012-10-15,-1,-1,23,-1,-1,-1,22,23,21,21,20,-1,-1,22,22,20,20,21,-1
3,2012-10-16,22,17,21,-1,-1,-1,22,19,16,-1,-1,22,21,22,16,-1,-1,-1,15
3,2012-10-17,-1,-1,17,18,0,0,0,-1,17,0,17,22,19,21,21,22,22,-1,20
3,2012-10-18,19,0,-1,0,0,17,18,0,0,-1,-1,21,17,17,22,22,23,23,20
3,2012-10-19,21,21,0,15,0,18,-1,0,-1,21,17,17,0,20,0,21,-1,21,17
3,2012-10-20,14,21,15,21,0,0,19,20,20,0,-1,-1,0,0,20,21,19,15,0
3,2012-10-21,-1,0,0,18,-1,0,0,23,23,23,21,22,13,-1,15,-1,16,23,14
3,2012-10-22,-1,22,-1,16,0,21,0,0,0,22,19,21,17,0,0,15,17,21,15
3,2012-10-23,17,-1,16,-1,21,0,0,-1,17,-1,20,-1,19,17,16,0,22,22,21
3,2012-10-24,0,21,0,20,17,21,21,0,20,0,19,0,-1,0,-1,17,18,17,15
3,2012-10-25,20,19,23,-1,-1,0,-1,18,0,0,21,0,-1,22,17,23,16,15,15
3,2012-10-26,-1,0,-1,19,23,23,23,22,0,20,19,-1,-1,19,0,19,19,0,21
3,2012-10-27,-1,0,21,20,-1,21,22,21,20,-1,-1,-1,19,-1,22,20,19,21,-1
3,2012-10-28,19,21,18,13,-1,-1,16,22,-1,-1,-1,-1,-1,-1,19,18,20,17,18
3,2012-10-29,0,0,0,20,22,22,21,0,0,17,0,22,19,18,0,21,-1,22,17
3,2012-10-30,19,17,0,22,0,0,20,0,21,0,22,0,0,0,21,22,22,17,18
3,2012-10-31,0,-1,0,0,0,22,15,15,20,21,-1,21,22,0,0,22,22,15,15
3,2012-11-01,-1,-1,-1,20,16,17,13,20,-1,15,20,-1,17,-1,-1,-1,18,19,17
3,2012-11-02,-1,-1,-1,0,17,-1,19,17,16,17,0,0,16,21,17,17,0,15,15
3,2012-11-03,0,0,-1,20,17,21,0,18,0,0,-1,17,17,-1,17,17,15,16,16
3,2012-11-04,-1,18,17,17,-1,-1,18,20,-1,-1,0,21,-1,-1,20,17,20,17,14
3,2012-11-05,17,17,-1,-1,-1,17,-1,-1,17,14,15,18,-1,-1,0,16,15,14,14
3,2012-11-06,20,-1,19,17,17,16,-1,16,19,0,0,-1,0,-1,19,-1,17,19,15
3,2012-11-07,-1,0,0,17,17,16,0,17,0,15,14,0,16,-1,0,18,15,15,11
3,2012-11-08,0,16,0,15,15,16,16,14,0,14,-1,0,0,16,0,0,15,16,14
3,2012-11-09,0,0,-1,16,17,15,15,17,17,0,0,16,0,0,-1,16,14,14,14
3,2012-11-10,0,0,0,0,14,0,-1,17,-1,0,18,18,18,14,16,17,14,14,14
3,2012-11-11,0,0,0,18,18,14,19,0,0,0,18,14,19,19,0,0,18,19,18
3,2012-11-12,-1,-1,18,-1,-1,0,18,19,18,-1,18,17,-1,0,17,17,17,16,17
3,2012-11-13,16,17,17,-1,16,15,17,-1,19,-1,-1,-1,-1,-1,-1,18,19,15,15
3,2012-11-14,13,18,18,0,14,0,-1,15,-1,0,18,14,0,0,0,17,17,15,15
3,2012-11-15,0,0,0,0,18,17,0,18,13,13,17,17,0,0,0,18,13,13,13
3,2012-11-16,13,13,0,0,18,18,17,13,18,0,0,0,0,0,0,17,12,17,13
3,2012-11-17,0,0,14,14,14,0,0,0,14,15,0,14,0,0,15,15,14,15,13
3,2012-11-18,0,16,-1,-1,15,14,0,15,14,14,14,0,0,0,0,16,15,15,14
3,2012-11-19,13,-1,-1,15,-1,15,13,15,16,0,-1,14,-1,-1,-1,15,13,13,13
3,2012-11-20,15,15,16,-1,0,0,16,0,0,0,14,15,16,0,-1,15,14,15,14
3,2012-11-21,0,0,0,17,14,14,14,0,-1,0,14,15,0,0,15,16,14,14,14
3,2012-11-22,12,13,-1,17,-1,0,17,0,16,0,0,0,17,16,14,15,0,12,12
3,2012-11-23,16,0,16,17,0,13,17,17,14,-1,0,0,0,16,0,0,13,17,13
3,2012-11-24,0,0,16,15,15,-1,16,16,16,16,0,0,0,0,15,-1,15,14,14
3,2012-11-25,0,11,17,0,18,17,17,15,0,0,0,12,13,0,-1,0,17,11,12
3,2012-11-26,0,0,17,12,-1,16,14,0,0,0,16,0,-1,16,17,13,12,12,13
3,2012-11-27,14,13,16,17,-1,0,-1,0,0,0,0,13,15,0,15,16,14,14,13
3,2012-11-28,0,19,-1,19,15,17,17,15,19,17,-1,-1,0,19,-1,-1,-1,18,18
3,2012-11-29,0,18,0,17,0,0,0,11,18,17,0,0,0,12,18,17,16,11,11
3,2012-11-30,0,14,18,18,15,18,0,17,0,0,0,16,0,0,0,17,14,14,11
3,2012-12-01,0,0,14,0,14,0,10,0,12,0,12,12,0,0,11,15,15,11,12
3,2012-12-02,0,11,13,0,0,0,0,0,14,0,10,12,14,14,0,13,10,11,10
3,2012-12-03,0,0,5,5,5,11,12,8,0,11,0,0,0,0,0,8,5,12,10
3,2012-12-04,0,0,0,12,11,12,11,12,13,0,0,0,0,0,12,12,12,8,12
3,2012-12-05,11,11,11,11,8,8,0,0,0,7,10,0,0,0,0,0,7,7,7
3,2012-12-06,8,9,5,10,8,11,8,8,8,11,0,0,0,0,0,0,0,0,4
3,2012-12-07,8,7,8,8,10,10,10,9,10,0,0,0,0,0,0,0,0,8,8
3,2012-12-08,4,9,6,8,9,11,11,9,9,8,8,0,0,0,0,0,0,0,0
3,2012-12-09,12,10,12,9,11,12,11,0,0,11,0,0,0,0,8,0,5,0,5
3,2012-12-10,8,10,10,9,9,8,8,9,8,10,0,0,0,0,0,0,0,0,8
3,2012-12-11,8,0,11,11,0,0,0,0,9,8,0,9,0,0,8,10,8,11,8
3,2012-12-12,0,0,0,0,11,11,0,11,8,12,12,12,8,9,9,10,0,0,0
3,2012-12-13,8,6,6,11,11,10,12,8,11,5,0,0,0,0,0,6,0,0,0
3,2012-12-14,12,12,12,13,12,0,0,0,12,12,12,8,13,0,12,0,0,0,0
3,2012-12-15,12,13,13,13,13,8,0,0,13,0,13,13,8,12,0,0,0,0,0
3,2012-12-16,9,8,8,11,11,11,11,-1,10,8,9,0,10,-1,0,0,0,0,0
3,2012-12-17,12,15,11,14,14,12,15,12,12,11,0,0,11,0,0,0,0,0,0
3,2012-12-18,0,7,11,0,10,10,10,8,11,8,7,7,0,0,7,0,0,0,0
3,2012-12-19,9,8,8,8,8,8,0,0,0,7,6,8,8,8,0,0,0,0,0
3,2012-12-20,7,9,10,9,7,6,0,0,6,0,0,0,8,9,9,0,0,5,0
3,2012-12-21,8,8,8,7,0,0,0,7,8,0,0,0,7,7,6,6,9,0,0
3,2012-12-22,9,8,0,8,6,7,7,0,0,6,0,0,0,9,9,9,0,5,0
3,2012-12-23,13,14,14,7,14,0,5,0,0,0,0,0,0,6,7,8,12,0,11
3,2012-12-24,12,14,15,15,15,0,0,0,0,0,0,15,10,11,0,13,10,0,10
3,2012-12-25,14,14,15,15,0,0,12,0,0,0,0,13,0,0,8,12,12,12,12
3,2012-12-26,0,11,11,14,15,0,0,0,0,15,14,10,13,11,0,11,0,9,0
3,2012-12-27,11,11,15,15,0,0,0,0,0,11,13,0,0,11,0,11,12,11,11
3,2012-12-28,10,10,13,0,0,0,11,0,9,0,8,11,9,0,8,10,9,0,0
3,2012-12-29,11,11,11,11,10,0,7,0,0,0,7,9,0,0,5,8,0,7,0
3,2012-12-30,12,11,12,12,0,0,0,11,5,9,5,7,10,6,0,0,0,0,0
3,2012-12-31,11,11,11,10,11,0,0,6,5,6,9,7,0,0,0,0,0,0,7
